,restaurant_id,restaurant_name,address,city,state,postal_code,latitude,longitude,avg_yelp_rating,review_count,attributes,categories,hours
0,X8mtoSxY8whtmbDlj0D3Aw,Imperial Asian Buffet,4343 N Rancho Dr,Las Vegas,NV,89030,36.238596,-115.2333307,2.0,4,,"Restaurants, Chinese",
1,0G83H_zoum-Q4bWU2olTqQ,Bonjour Bakery & Deli,"4012 S Rainbow Blvd, Ste J",Las Vegas,NV,89103,36.1161693,-115.2418516,4.5,39,"{'WheelchairAccessible': 'True', 'RestaurantsDelivery': 'True', 'DogsAllowed': 'True', 'Caters': 'True', 'RestaurantsReservations': 'True', 'Alcohol': ""u'none'"", 'RestaurantsTableService': 'False', 'RestaurantsTakeOut': 'True', 'RestaurantsGoodForGroups': 'True', 'BusinessParking': ""{'garage': False, 'street': False, 'validated': False, 'lot': True, 'valet': False}"", 'BusinessAcceptsCreditCards': 'True', 'WiFi': ""u'free'"", 'HasTV': 'False', 'BikeParking': 'True', 'RestaurantsPriceRange2': '1', 'GoodForKids': 'True', 'GoodForMeal': ""{'dessert': True, 'latenight': False, 'lunch': True, 'dinner': False, 'brunch': True, 'breakfast': True}"", 'Ambience': ""{'touristy': False, 'hipster': False, 'romantic': False, 'divey': False, 'intimate': False, 'trendy': False, 'upscale': False, 'classy': False, 'casual': True}"", 'RestaurantsAttire': ""u'casual'"", 'OutdoorSeating': 'True', 'NoiseLevel': ""u'quiet'""}","Restaurants, Food, Delis, Desserts, Bakeries, Coffee & Tea","{'Monday': '0:0-0:0', 'Tuesday': '8:0-15:0', 'Wednesday': '8:0-15:0', 'Thursday': '8:0-15:0', 'Friday': '10:0-16:0', 'Saturday': '8:0-15:0', 'Sunday': '8:0-15:0'}"
2,k2b3niokS_tosjah_rzCPw,Metro Pizza,6720 Sky Pointe Dr,Las Vegas,NV,89131,36.2836689,-115.2702841,3.5,303,"{'Caters': 'True', 'HasTV': 'True', 'RestaurantsTakeOut': 'True', 'Ambience': ""{'romantic': False, 'intimate': False, 'touristy': False, 'hipster': False, 'divey': False, 'classy': False, 'trendy': False, 'upscale': False, 'casual': True}"", 'BikeParking': 'True', 'RestaurantsPriceRange2': '2', 'RestaurantsAttire': ""u'casual'"", 'BusinessAcceptsCreditCards': 'True', 'GoodForMeal': ""{'dessert': False, 'latenight': False, 'lunch': True, 'dinner': True, 'brunch': False, 'breakfast': False}"", 'RestaurantsReservations': 'False', 'NoiseLevel': ""u'average'"", 'BusinessParking': ""{'garage': False, 'street': False, 'validated': False, 'lot': True, 'valet': False}"", 'WiFi': ""u'no'"", 'GoodForKids': 'True', 'RestaurantsGoodForGroups': 'True', 'OutdoorSeating': 'True', 'RestaurantsDelivery': 'True', 'Alcohol': ""u'beer_and_wine'""}","Restaurants, Pizza","{'Monday': '11:0-22:0', 'Tuesday': '11:0-22:0', 'Wednesday': '11:0-22:0', 'Thursday': '11:0-22:0', 'Friday': '11:0-22:0', 'Saturday': '11:0-22:0', 'Sunday': '11:0-22:0'}"
3,VVLGIq6ksrgGSfi7VBTmpg,America Cafe,,Las Vegas,NV,,36.1029312326,-115.1765441895,4.0,8,"{'BusinessParking': ""{'garage': False, 'street': False, 'validated': False, 'lot': False, 'valet': False}"", 'RestaurantsReservations': 'True', 'RestaurantsGoodForGroups': 'True', 'HasTV': 'True', 'Alcohol': ""u'full_bar'"", 'Caters': 'False', 'BusinessAcceptsCreditCards': 'True', 'BikeParking': 'False', 'Ambience': ""{'romantic': False, 'intimate': False, 'classy': False, 'hipster': False, 'divey': False, 'touristy': False, 'trendy': False, 'upscale': False, 'casual': False}"", 'RestaurantsPriceRange2': '2', 'OutdoorSeating': 'False', 'NoiseLevel': ""u'loud'"", 'RestaurantsDelivery': 'False', 'GoodForMeal': ""{'dessert': False, 'latenight': False, 'lunch': False, 'dinner': False, 'brunch': False, 'breakfast': True}"", 'RestaurantsAttire': ""u'casual'"", 'GoodForKids': 'True', 'RestaurantsTakeOut': 'True'}","Restaurants, American (Traditional)",
4,lXCmTGagqHuPgaeN2g2P1Q,Marcos Pizza,5061 E Sahara Ave,Las Vegas,NV,89142,36.1438977,-115.0641604,3.5,39,"{'Ambience': ""{'touristy': False, 'hipster': False, 'romantic': False, 'divey': False, 'intimate': False, 'trendy': False, 'upscale': False, 'classy': False, 'casual': True}"", 'BusinessAcceptsCreditCards': 'True', 'BusinessParking': ""{'garage': False, 'street': False, 'validated': False, 'lot': False, 'valet': False}"", 'GoodForKids': 'True', 'RestaurantsPriceRange2': '2', 'RestaurantsGoodForGroups': 'True', 'OutdoorSeating': 'False', 'RestaurantsDelivery': 'True', 'Alcohol': ""u'none'"", 'RestaurantsReservations': 'False', 'HasTV': 'False', 'RestaurantsTakeOut': 'True', 'WiFi': ""'no'"", 'RestaurantsAttire': ""u'casual'"", 'NoiseLevel': ""u'average'"", 'BikeParking': 'False'}","Restaurants, Pizza","{'Monday': '10:0-23:0', 'Tuesday': '10:0-23:0', 'Wednesday': '10:0-23:0', 'Thursday': '10:0-23:0', 'Friday': '10:0-0:0', 'Saturday': '10:0-0:0', 'Sunday': '10:0-23:0'}"
5,W3ia8dkoGGRYEfFg_BiyPg,Einstein Bros Bagels,"7291 S Eastern Ave, Ste A",Las Vegas,NV,89119,36.0574675327,-115.1207419292,2.5,82,"{'RestaurantsDelivery': 'False', 'BusinessAcceptsCreditCards': 'True', 'RestaurantsGoodForGroups': 'True', 'RestaurantsAttire': ""'casual'"", 'WiFi': ""'free'"", 'GoodForKids': 'True', 'Alcohol': ""'none'"", 'Ambience': ""{'touristy': False, 'hipster': False, 'romantic': False, 'divey': False, 'intimate': False, 'trendy': False, 'upscale': False, 'classy': False, 'casual': True}"", 'HasTV': 'False', 'RestaurantsTableService': 'False', 'RestaurantsTakeOut': 'True', 'Caters': 'True', 'NoiseLevel': ""'average'"", 'OutdoorSeating': 'True', 'RestaurantsPriceRange2': '1', 'BusinessParking': ""{'garage': False, 'street': False, 'validated': False, 'lot': True, 'valet': False}"", 'GoodForMeal': ""{'dessert': False, 'latenight': False, 'lunch': True, 'dinner': False, 'brunch': True, 'breakfast': True}"", 'RestaurantsReservations': 'False', 'BikeParking': 'True'}","Restaurants, Pizza, Food, Bagels, Sandwiches, Breakfast & Brunch","{'Monday': '5:0-17:0', 'Tuesday': '5:0-17:0', 'Wednesday': '5:0-17:0', 'Thursday': '5:0-17:0', 'Friday': '5:0-17:0', 'Saturday': '6:0-16:0', 'Sunday': '6:0-15:0'}"
6,yYkvonvBGZB6UMnpzr6Ryw,Burger King,8600 W Cheyenne Ave,Las Vegas,NV,89129,36.2191204,-115.280934,2.5,25,"{'WiFi': ""'free'"", 'OutdoorSeating': 'False', 'RestaurantsReservations': 'False', 'BusinessParking': ""{'garage': False, 'street': False, 'validated': False, 'lot': True, 'valet': False}"", 'Alcohol': ""u'none'"", 'RestaurantsPriceRange2': '1', 'Caters': 'False', 'RestaurantsAttire': ""u'casual'"", 'NoiseLevel': ""u'average'"", 'Ambience': ""{'romantic': False, 'intimate': False, 'classy': False, 'hipster': False, 'divey': False, 'touristy': False, 'trendy': False, 'upscale': False, 'casual': True}"", 'BikeParking': 'True', 'RestaurantsTakeOut': 'True', 'RestaurantsGoodForGroups': 'True', 'RestaurantsDelivery': 'False', 'BusinessAcceptsCreditCards': 'True', 'GoodForKids': 'True', 'GoodForMeal': ""{'dessert': False, 'latenight': False, 'lunch': False, 'dinner': True, 'brunch': False, 'breakfast': False}"", 'HasTV': 'True'}","Restaurants, Burgers, Fast Food","{'Monday': '6:0-0:0', 'Tuesday': '6:0-0:0', 'Wednesday': '6:0-0:0', 'Thursday': '6:0-0:0', 'Friday': '6:0-0:0', 'Saturday': '6:0-0:0', 'Sunday': '7:0-0:0'}"
7,-xX-Vjol_fwWaN2mn1F1wg,Voodoo Pizza,3755 S Las Vegas Blvd,Las Vegas,NV,89109,36.1055294,-115.1721951,3.5,20,"{'Ambience': ""{'touristy': False, 'hipster': False, 'romantic': False, 'divey': False, 'intimate': False, 'trendy': False, 'upscale': False, 'classy': False, 'casual': False}"", 'OutdoorSeating': 'False', 'RestaurantsTakeOut': 'True', 'GoodForKids': 'True', 'RestaurantsPriceRange2': '1', 'BusinessParking': ""{'garage': False, 'street': False, 'validated': False, 'lot': False, 'valet': False}"", 'RestaurantsAttire': ""'casual'"", 'GoodForMeal': ""{'dessert': False, 'latenight': False, 'lunch': False, 'dinner': False, 'brunch': False, 'breakfast': False}"", 'BikeParking': 'False', 'HasTV': 'True', 'BusinessAcceptsCreditCards': 'True', 'RestaurantsReservations': 'False', 'RestaurantsDelivery': 'False', 'RestaurantsGoodForGroups': 'True'}","Restaurants, Pizza","{'Monday': '0:0-0:0', 'Tuesday': '0:0-0:0', 'Wednesday': '0:0-0:0', 'Thursday': '0:0-0:0', 'Friday': '0:0-0:0', 'Saturday': '0:0-0:0', 'Sunday': '0:0-0:0'}"
8,6Ege_N9uJ-rtKIs1TNA8aQ,Jack in the Box,6451 Boulder Hwy,Las Vegas,NV,89122,36.0847797554,-115.0315821789,2.5,20,"{'WiFi': ""'no'"", 'RestaurantsReservations': 'False', 'GoodForMeal': ""{'dessert': False, 'latenight': False, 'lunch': False, 'dinner': False, 'brunch': False, 'breakfast': True}"", 'Alcohol': ""'none'"", 'RestaurantsGoodForGroups': 'True', 'NoiseLevel': ""'quiet'"", 'RestaurantsPriceRange2': '1', 'RestaurantsDelivery': 'False', 'OutdoorSeating': 'False', 'Caters': 'False', 'RestaurantsTakeOut': 'True', 'RestaurantsAttire': ""'casual'"", 'HasTV': 'False', 'GoodForKids': 'True', 'BikeParking': 'True', 'Ambience': ""{'touristy': False, 'hipster': False, 'romantic': False, 'divey': False, 'intimate': False, 'trendy': False, 'upscale': False, 'classy': False, 'casual': True}"", 'BusinessParking': ""{'garage': False, 'street': False, 'validated': False, 'lot': False, 'valet': False}"", 'BusinessAcceptsCreditCards': 'True'}","Restaurants, Fast Food","{'Monday': '0:0-0:0', 'Tuesday': '0:0-0:0', 'Wednesday': '0:0-0:0', 'Thursday': '0:0-0:0', 'Friday': '0:0-0:0', 'Saturday': '0:0-0:0', 'Sunday': '0:0-0:0'}"
9,BIbjBxoiJLS8CnNsSP64TQ,360 Gourmet Burrito,5757 Wayne Newton Blvd,Las Vegas,NV,89119,36.0828536999,-115.1512026606,2.0,168,"{'GoodForMeal': ""{'dessert': False, 'latenight': False, 'lunch': True, 'dinner': False, 'brunch': False, 'breakfast': False}"", 'RestaurantsAttire': ""u'casual'"", 'Alcohol': ""u'none'"", 'RestaurantsGoodForGroups': 'False', 'RestaurantsTakeOut': 'True', 'RestaurantsPriceRange2': '2', 'BusinessAcceptsCreditCards': 'True', 'Caters': 'False', 'BusinessParking': ""{'garage': True, 'street': False, 'validated': False, 'lot': False, 'valet': False}"", 'NoiseLevel': ""u'loud'"", 'RestaurantsDelivery': 'False', 'WiFi': ""u'no'"", 'Ambience': ""{'touristy': False, 'hipster': False, 'romantic': False, 'divey': False, 'intimate': False, 'trendy': False, 'upscale': False, 'classy': False, 'casual': False}"", 'HasTV': 'False', 'BikeParking': 'False', 'RestaurantsTableService': 'False', 'OutdoorSeating': 'False', 'GoodForKids': 'True', 'RestaurantsReservations': 'False'}","Restaurants, Mexican",
10,iX2c4IzH_L5F6FM5GD3SUQ,Tasty Crepes,4845 S Fort Apache Rd,Las Vegas,NV,89147,36.101689985,-115.2981502597,4.5,260,"{'BusinessAcceptsCreditCards': 'True', 'Alcohol': ""u'none'"", 'WiFi': ""'free'"", 'OutdoorSeating': 'False', 'Caters': 'True', 'RestaurantsAttire': ""'casual'"", 'Ambience': ""{'romantic': False, 'intimate': False, 'classy': False, 'hipster': False, 'divey': False, 'touristy': False, 'trendy': False, 'upscale': False, 'casual': True}"", 'RestaurantsPriceRange2': '1', 'RestaurantsDelivery': 'False', 'HasTV': 'True', 'BikeParking': 'True', 'GoodForMeal': ""{'dessert': True, 'latenight': False, 'lunch': True, 'dinner': False, 'brunch': True, 'breakfast': False}"", 'RestaurantsReservations': 'False', 'GoodForKids': 'True', 'RestaurantsTakeOut': 'True', 'NoiseLevel': ""u'quiet'"", 'RestaurantsGoodForGroups': 'True', 'BusinessAcceptsBitcoin': 'False', 'BusinessParking': ""{'garage': False, 'street': False, 'validated': False, 'lot': True, 'valet': False}"", 'ByAppointmentOnly': 'False'}","Restaurants, Desserts, Food, Juice Bars & Smoothies, Creperies, Ice Cream & Frozen Yogurt","{'Monday': '0:0-0:0', 'Tuesday': '11:0-22:0', 'Wednesday': '11:0-22:0', 'Thursday': '11:0-22:0', 'Friday': '11:0-22:0', 'Saturday': '12:0-21:0', 'Sunday': '12:0-21:0'}"
11,DVfCbJhJUDWRlUfrKzaKOA,Sam Woo BBQ Restaurant,"4215 Spring Mountain Rd, Ste B101",Las Vegas,NV,89102,36.1253808,-115.1959803,2.0,550,"{'WiFi': ""u'no'"", 'GoodForKids': 'True', 'Caters': 'False', 'RestaurantsDelivery': 'False', 'RestaurantsAttire': ""'casual'"", 'RestaurantsPriceRange2': '2', 'OutdoorSeating': 'False', 'HasTV': 'False', 'RestaurantsReservations': 'False', 'Ambience': ""{'romantic': False, 'intimate': False, 'touristy': False, 'hipster': False, 'divey': False, 'classy': False, 'trendy': False, 'upscale': False, 'casual': True}"", 'RestaurantsGoodForGroups': 'True', 'Corkage': 'False', 'BYOB': 'False', 'BusinessParking': ""{'garage': False, 'street': False, 'validated': False, 'lot': True, 'valet': False}"", 'BusinessAcceptsCreditCards': 'False', 'RestaurantsTakeOut': 'True', 'BikeParking': 'False', 'Alcohol': ""u'none'"", 'GoodForMeal': ""{'dessert': False, 'latenight': False, 'lunch': True, 'dinner': True, 'brunch': False, 'breakfast': False}"", 'BYOBCorkage': ""'yes_free'"", 'NoiseLevel': ""u'average'""}","Restaurants, Noodles, Barbeque, Chinese","{'Monday': '11:0-23:0', 'Tuesday': '11:0-23:0', 'Wednesday': '11:0-23:0', 'Thursday': '11:0-23:0', 'Friday': '11:0-0:0', 'Saturday': '10:0-0:0', 'Sunday': '10:0-23:0'}"
12,aBCqrJwXAHnTgO2e_l0v8w,Carl's Jr,2001 Las Vegas Blvd S,Las Vegas,NV,89104,36.1480361,-115.1539772,2.0,35,"{'BusinessAcceptsCreditCards': 'True', 'RestaurantsDelivery': 'False', 'Ambience': ""{'romantic': False, 'intimate': False, 'classy': False, 'hipster': False, 'divey': False, 'touristy': False, 'trendy': False, 'upscale': False, 'casual': False}"", 'WiFi': ""u'no'"", 'GoodForKids': 'True', 'BikeParking': 'True', 'RestaurantsReservations': 'False', 'RestaurantsGoodForGroups': 'True', 'HasTV': 'False', 'RestaurantsTableService': 'False', 'GoodForMeal': ""{'dessert': False, 'latenight': True, 'lunch': False, 'dinner': False, 'brunch': False, 'breakfast': False}"", 'OutdoorSeating': 'False', 'RestaurantsAttire': ""'casual'"", 'RestaurantsTakeOut': 'True', 'RestaurantsPriceRange2': '1', 'Alcohol': ""u'none'"", 'BusinessParking': ""{'garage': False, 'street': False, 'validated': False, 'lot': True, 'valet': False}"", 'NoiseLevel': ""u'average'"", 'Caters': 'False', 'DriveThru': 'True'}","Restaurants, Food, Fast Food",
13,32FTAxYkehRO2lozvGszkQ,Subway,"5061 E Sahara Ave, Ste 115",Las Vegas,NV,89142,36.1438977,-115.0641604,3.0,3,"{'RestaurantsGoodForGroups': 'True', 'OutdoorSeating': 'False', 'WiFi': ""u'no'"", 'RestaurantsReservations': 'False', 'NoiseLevel': ""u'average'"", 'Ambience': ""{'romantic': False, 'intimate': False, 'touristy': False, 'hipster': False, 'divey': False, 'classy': False, 'trendy': False, 'upscale': False, 'casual': False}"", 'BusinessParking': ""{'garage': False, 'street': False, 'validated': False, 'lot': False, 'valet': False}"", 'RestaurantsAttire': ""u'casual'"", 'Alcohol': ""u'none'"", 'RestaurantsPriceRange2': '1', 'RestaurantsTakeOut': 'True', 'GoodForKids': 'True', 'BikeParking': 'True', 'RestaurantsDelivery': 'False', 'HasTV': 'False', 'BusinessAcceptsCreditCards': 'True'}","Restaurants, Fast Food, Sandwiches",
14,ppmYIHMCIL5bocUsJSsDWA,Market City Caffe,3770 Las Vegas Blvd S,Las Vegas,NV,89109,36.104612,-115.17603,3.5,11,"{'RestaurantsAttire': ""u'casual'"", 'GoodForKids': 'True', 'Alcohol': ""u'full_bar'"", 'OutdoorSeating': 'False', 'RestaurantsPriceRange2': '2', 'RestaurantsTakeOut': 'True', 'BusinessAcceptsCreditCards': 'True', 'RestaurantsDelivery': 'False', 'RestaurantsReservations': 'False', 'RestaurantsGoodForGroups': 'True', 'HasTV': 'False', 'BikeParking': 'False'}","Restaurants, Italian",
15,_j2EtQtgLuXGRBfbM5YwZA,Noodle Asia,3355 Las Vegas Blvd S,Las Vegas,NV,89109,36.122689,-115.170163,3.5,1090,"{'BusinessAcceptsCreditCards': 'True', 'RestaurantsPriceRange2': '2', 'RestaurantsTakeOut': 'True', 'Alcohol': ""u'beer_and_wine'"", 'RestaurantsAttire': ""'casual'"", 'BikeParking': 'False', 'HasTV': 'False', 'BusinessParking': ""{'garage': True, 'street': False, 'validated': False, 'lot': False, 'valet': False}"", 'BYOBCorkage': ""'no'"", 'OutdoorSeating': 'False', 'GoodForMeal': ""{'dessert': False, 'latenight': True, 'lunch': True, 'dinner': True, 'brunch': False, 'breakfast': False}"", 'WiFi': ""'free'"", 'Caters': 'False', 'RestaurantsTableService': 'True', 'RestaurantsDelivery': 'False', 'RestaurantsGoodForGroups': 'True', 'RestaurantsReservations': 'False', 'GoodForKids': 'True', 'WheelchairAccessible': 'True', 'Ambience': ""{'romantic': False, 'intimate': False, 'touristy': False, 'hipster': False, 'divey': False, 'classy': False, 'trendy': False, 'upscale': False, 'casual': True}"", 'NoiseLevel': ""u'average'""}","Restaurants, Asian Fusion, Chinese, Dim Sum, Noodles","{'Monday': '11:0-3:0', 'Tuesday': '11:0-3:0', 'Wednesday': '11:0-3:0', 'Thursday': '11:0-3:0', 'Friday': '11:0-3:0', 'Saturday': '11:0-3:0', 'Sunday': '11:0-3:0'}"
16,wsdxhfW0aVf7ayMqId1HmA,Courtyard Grill & Buffet,301 Fremont St,Las Vegas,NV,89101,36.1578674316,-115.1148529053,2.5,4,"{'NoiseLevel': ""u'average'"", 'RestaurantsPriceRange2': '2', 'Ambience': ""{'romantic': False, 'intimate': False, 'touristy': False, 'hipster': False, 'divey': False, 'classy': False, 'trendy': False, 'upscale': False, 'casual': False}"", 'RestaurantsAttire': ""u'casual'"", 'BusinessAcceptsCreditCards': 'True', 'Alcohol': ""u'full_bar'"", 'WiFi': ""u'no'"", 'GoodForKids': 'True', 'RestaurantsGoodForGroups': 'True'}","Restaurants, American (New)",
17,G9-OvE0PBQtDZmnGEB3HEQ,Einstein Bros,2570 S Decatur Blvd,Las Vegas,NV,89102,36.1432476,-115.2063054,3.5,84,"{'WiFi': ""u'free'"", 'Ambience': ""{'romantic': False, 'intimate': False, 'classy': False, 'hipster': False, 'divey': False, 'touristy': False, 'trendy': False, 'upscale': False, 'casual': True}"", 'RestaurantsAttire': ""u'casual'"", 'BikeParking': 'True', 'GoodForKids': 'True', 'BusinessAcceptsCreditCards': 'True', 'RestaurantsReservations': 'False', 'NoiseLevel': ""u'average'"", 'Caters': 'True', 'BusinessParking': ""{'garage': False, 'street': False, 'validated': False, 'lot': True, 'valet': False}"", 'RestaurantsTakeOut': 'True', 'Alcohol': ""u'none'"", 'OutdoorSeating': 'True', 'HasTV': 'False', 'RestaurantsPriceRange2': '1', 'GoodForMeal': ""{'dessert': False, 'latenight': False, 'lunch': True, 'dinner': False, 'brunch': True, 'breakfast': True}"", 'RestaurantsGoodForGroups': 'True', 'RestaurantsDelivery': 'False'}","Restaurants, Sandwiches",
18,hmRR9whRtnbV5LyIC3Bxrg,Da Pizzeria,3137 S Industrial Rd,Las Vegas,NV,89109,36.1326597,-115.1728049,3.5,3,"{'RestaurantsAttire': ""u'casual'"", 'RestaurantsTakeOut': 'True', 'RestaurantsPriceRange2': '2', 'GoodForKids': 'True', 'RestaurantsDelivery': 'True', 'Ambience': ""{'romantic': False, 'intimate': False, 'touristy': False, 'hipster': False, 'divey': False, 'classy': False, 'trendy': False, 'upscale': False, 'casual': False}"", 'RestaurantsGoodForGroups': 'True', 'BusinessAcceptsCreditCards': 'True'}","Restaurants, Pizza",
19,hCsJv234v62MgdsUU1j8dQ,Big Sur Oyster Bar,9777 S Las Vegas Blvd,Las Vegas,NV,89183,36.011588,-115.175342,3.5,254,"{'RestaurantsAttire': ""'casual'"", 'BusinessAcceptsCreditCards': 'True', 'RestaurantsDelivery': 'False', 'RestaurantsGoodForGroups': 'True', 'BusinessParking': ""{'garage': True, 'street': False, 'validated': False, 'lot': False, 'valet': True}"", 'BYOBCorkage': ""'no'"", 'GoodForKids': 'True', 'OutdoorSeating': 'False', 'WiFi': ""u'no'"", 'RestaurantsTakeOut': 'True', 'RestaurantsPriceRange2': '2', 'Alcohol': ""u'full_bar'"", 'RestaurantsTableService': 'True', 'NoiseLevel': ""u'average'"", 'RestaurantsReservations': 'False', 'GoodForMeal': ""{'dessert': False, 'latenight': False, 'lunch': True, 'dinner': True, 'brunch': False, 'breakfast': False}"", 'Ambience': ""{'romantic': False, 'intimate': False, 'touristy': False, 'hipster': False, 'divey': False, 'classy': False, 'trendy': False, 'upscale': False, 'casual': True}"", 'HasTV': 'False', 'BikeParking': 'True', 'Caters': 'False'}","Restaurants, Seafood","{'Monday': '12:0-0:0', 'Tuesday': '12:0-0:0', 'Wednesday': '12:0-0:0', 'Thursday': '12:0-0:0', 'Friday': '12:0-0:0', 'Saturday': '11:0-0:0', 'Sunday': '11:0-0:0'}"
20,bK70PtUK5nGGLzP7tChaeg,Putter's Bar & Grill,3330 E Tropicana Ave,Las Vegas,NV,89121,36.1007,-115.102946,3.0,22,"{'BusinessParking': ""{'garage': False, 'street': False, 'validated': False, 'lot': True, 'valet': False}"", 'Ambience': ""{'romantic': False, 'intimate': False, 'classy': False, 'hipster': False, 'divey': False, 'touristy': False, 'trendy': False, 'upscale': False, 'casual': True}"", 'BusinessAcceptsCreditCards': 'True', 'RestaurantsReservations': 'False', 'GoodForKids': 'False', 'Alcohol': ""u'full_bar'"", 'NoiseLevel': ""u'average'"", 'RestaurantsAttire': ""'casual'"", 'RestaurantsPriceRange2': '1', 'Caters': 'False', 'HasTV': 'True', 'GoodForMeal': ""{'dessert': False, 'latenight': True, 'lunch': False, 'dinner': False, 'brunch': False, 'breakfast': False}"", 'BestNights': ""{'monday': False, 'tuesday': False, 'friday': True, 'wednesday': False, 'thursday': False, 'sunday': True, 'saturday': True}"", 'BikeParking': 'False', 'RestaurantsTakeOut': 'True', 'RestaurantsDelivery': 'False', 'BusinessAcceptsBitcoin': 'False', 'WiFi': ""u'free'"", 'RestaurantsGoodForGroups': 'True', 'OutdoorSeating': 'False'}","Restaurants, American (Traditional), Lounges, Bars, Nightlife","{'Monday': '0:0-0:0', 'Tuesday': '0:0-0:0', 'Wednesday': '0:0-0:0', 'Thursday': '0:0-0:0', 'Friday': '0:0-0:0', 'Saturday': '0:0-0:0', 'Sunday': '0:0-0:0'}"
21,9YiQ3o0EGmtojzjXdEfgeQ,The Green Regime,"5835 S Eastern Ave, Ste 101",Las Vegas,NV,89119,36.0838414902,-115.1197339967,4.5,64,"{'Caters': 'True', 'WiFi': ""u'free'"", 'RestaurantsPriceRange2': '1', 'NoiseLevel': ""u'quiet'"", 'GoodForMeal': ""{'dessert': False, 'latenight': False, 'lunch': True, 'dinner': False, 'brunch': False, 'breakfast': False}"", 'RestaurantsTableService': 'False', 'RestaurantsAttire': ""'casual'"", 'BikeParking': 'False', 'RestaurantsGoodForGroups': 'True', 'WheelchairAccessible': 'True', 'HasTV': 'True', 'BusinessAcceptsBitcoin': 'False', 'RestaurantsDelivery': 'False', 'GoodForKids': 'True', 'RestaurantsReservations': 'False', 'OutdoorSeating': 'False', 'BusinessParking': ""{'garage': False, 'street': False, 'validated': False, 'lot': True, 'valet': False}"", 'DogsAllowed': 'False', 'BusinessAcceptsCreditCards': 'True', 'RestaurantsTakeOut': 'True', 'Alcohol': ""u'none'"", 'Ambience': ""{'touristy': False, 'hipster': False, 'romantic': False, 'divey': False, 'intimate': False, 'trendy': False, 'upscale': False, 'classy': False, 'casual': True}""}","Restaurants, Food Stands, Sandwiches, Salad, Food, Juice Bars & Smoothies","{'Monday': '0:0-0:0', 'Tuesday': '10:0-16:0', 'Wednesday': '10:0-16:0'}"
22,jKLbTpVhEZd3wxuwMnG-Yg,Dewdney Delish,2067 N Jones Blvd,Las Vegas,NV,89108,36.196751,-115.223802,5.0,4,,"Restaurants, Caribbean","{'Tuesday': '11:0-19:0', 'Wednesday': '11:0-19:0', 'Thursday': '11:0-19:0', 'Friday': '11:0-19:0', 'Saturday': '11:0-19:0'}"
23,7Ppgpgva-HP3o3h-xp2sWw,McDonald's,8620 W Cheyenne Ave,Las Vegas,NV,89129,36.2190919,-115.281397,2.0,20,"{'RestaurantsTakeOut': 'True', 'RestaurantsAttire': ""'casual'"", 'BusinessParking': ""{'garage': False, 'street': False, 'validated': False, 'lot': False, 'valet': False}"", 'BusinessAcceptsCreditCards': 'True', 'OutdoorSeating': 'False', 'GoodForKids': 'True', 'WiFi': ""'free'"", 'RestaurantsPriceRange2': '1', 'RestaurantsGoodForGroups': 'True', 'Ambience': ""{'touristy': False, 'hipster': False, 'romantic': False, 'divey': False, 'intimate': False, 'trendy': False, 'upscale': False, 'classy': False, 'casual': False}"", 'RestaurantsDelivery': 'True', 'RestaurantsReservations': 'False', 'DriveThru': 'True', 'GoodForMeal': ""{'dessert': False, 'latenight': False, 'lunch': False, 'dinner': False, 'brunch': False, 'breakfast': False}"", 'HasTV': 'False'}","Restaurants, Fast Food, Coffee & Tea, American (Traditional), Food, Burgers","{'Monday': '0:0-0:0', 'Tuesday': '0:0-0:0', 'Wednesday': '0:0-0:0', 'Thursday': '0:0-0:0', 'Friday': '0:0-0:0', 'Saturday': '0:0-0:0', 'Sunday': '0:0-0:0'}"
24,QkC0u0KSf6yIi_Xn2ks2ZA,Chow Time,7421 W Lake Mead Ave,Las Vegas,NV,89128,36.1954258,-115.2549386,2.5,6,"{'GoodForKids': 'True', 'RestaurantsTakeOut': 'True', 'RestaurantsDelivery': 'False', 'RestaurantsReservations': 'False', 'RestaurantsGoodForGroups': 'True', 'OutdoorSeating': 'True', 'BusinessAcceptsCreditCards': 'True', 'WiFi': ""'no'"", 'HasTV': 'False'}","Restaurants, Barbeque, Food Trucks, Food","{'Monday': '11:0-21:0', 'Tuesday': '11:0-21:0', 'Wednesday': '11:0-21:0', 'Thursday': '11:0-21:0', 'Friday': '16:0-0:0', 'Saturday': '16:0-0:0'}"
25,8wFiWvlfOVt1zvAvsoLw2g,La Bonita Taco Shop,2500 E Desert Inn Rd,Las Vegas,NV,89169,36.130978,-115.115914,3.0,6,"{'HasTV': 'False', 'RestaurantsGoodForGroups': 'False', 'Caters': 'False', 'NoiseLevel': ""u'quiet'"", 'RestaurantsAttire': ""'casual'"", 'BusinessAcceptsCreditCards': 'True', 'RestaurantsDelivery': 'False', 'RestaurantsTakeOut': 'True', 'WiFi': ""u'no'"", 'OutdoorSeating': 'False', 'Ambience': ""{'romantic': False, 'intimate': False, 'touristy': False, 'hipster': False, 'divey': False, 'classy': False, 'trendy': False, 'upscale': False, 'casual': False}"", 'RestaurantsReservations': 'False', 'BusinessParking': ""{'garage': False, 'street': True, 'validated': False, 'lot': False, 'valet': False}"", 'BikeParking': 'True', 'RestaurantsPriceRange2': '1', 'Alcohol': ""u'none'"", 'GoodForKids': 'True', 'GoodForMeal': ""{'dessert': False, 'latenight': False, 'lunch': False, 'dinner': False, 'brunch': False, 'breakfast': False}""}","Restaurants, Mexican","{'Monday': '6:0-22:0', 'Tuesday': '6:0-22:0', 'Wednesday': '6:0-22:0', 'Thursday': '6:0-22:0', 'Friday': '6:0-22:0', 'Saturday': '6:0-22:0', 'Sunday': '6:0-22:0'}"
26,atVh8viqTj-sqDJ35tAYVg,Beach Cafe,7750 S Jones Blvd,Las Vegas,NV,89139,36.0484864,-115.2243463,3.5,294,"{'OutdoorSeating': 'True', 'BikeParking': 'True', 'GoodForKids': 'True', 'RestaurantsTakeOut': 'True', 'BusinessAcceptsCreditCards': 'True', 'RestaurantsAttire': ""u'casual'"", 'GoodForMeal': ""{'dessert': False, 'latenight': False, 'lunch': True, 'dinner': False, 'brunch': True, 'breakfast': True}"", 'WiFi': ""u'free'"", 'BusinessParking': ""{'garage': False, 'street': False, 'validated': False, 'lot': True, 'valet': False}"", 'RestaurantsDelivery': 'True', 'RestaurantsGoodForGroups': 'True', 'Ambience': ""{'romantic': False, 'intimate': False, 'touristy': False, 'hipster': False, 'divey': False, 'classy': False, 'trendy': False, 'upscale': False, 'casual': True}"", 'RestaurantsPriceRange2': '1', 'Caters': 'True', 'Alcohol': ""u'none'"", 'HasTV': 'True', 'NoiseLevel': ""u'average'"", 'RestaurantsReservations': 'False'}","Restaurants, Burgers, Diners, Breakfast & Brunch","{'Monday': '7:30-16:0', 'Tuesday': '7:30-16:0', 'Wednesday': '7:30-16:0', 'Thursday': '7:30-16:0', 'Friday': '7:30-16:0', 'Saturday': '7:0-15:0', 'Sunday': '7:0-15:0'}"
27,TIUd6XX7-hF6EPF2NowMsA,Subway,"8170 S Eastern Ave, Ste 12",Las Vegas,NV,89123,36.0410197,-115.1167131,3.0,11,"{'RestaurantsGoodForGroups': 'True', 'RestaurantsDelivery': 'False', 'BusinessAcceptsCreditCards': 'True', 'GoodForKids': 'True', 'RestaurantsReservations': 'False', 'RestaurantsTakeOut': 'True', 'BusinessParking': 'None', 'GoodForMeal': 'None', 'Ambience': 'None'}","Restaurants, Fast Food, Sandwiches",
28,rQO6-KfH2B_FxNrs6aIbYg,Sunny Kitchen,"467 E Silverado Ranch Blvd, Ste 125",Las Vegas,NV,89183,36.0118343,-115.1530647,4.0,8,,"Restaurants, Japanese, Korean","{'Monday': '11:0-21:0', 'Tuesday': '11:0-21:0', 'Wednesday': '11:0-21:0', 'Thursday': '11:0-21:0', 'Friday': '11:0-21:0', 'Saturday': '11:0-21:0', 'Sunday': '11:0-21:0'}"
29,YyxB3K1ORzc7ChMKgyxm9Q,Subway,8790 S Maryland Pkwy,Las Vegas,NV,89123,36.0302336,-115.1354155,3.0,18,"{'WiFi': ""'no'"", 'RestaurantsReservations': 'False', 'BikeParking': 'False', 'RestaurantsAttire': ""'casual'"", 'Alcohol': ""'none'"", 'Caters': 'True', 'RestaurantsTakeOut': 'True', 'RestaurantsPriceRange2': '1', 'NoiseLevel': ""'quiet'"", 'RestaurantsDelivery': 'False', 'OutdoorSeating': 'False', 'Ambience': ""{'romantic': False, 'intimate': False, 'classy': False, 'hipster': False, 'divey': False, 'touristy': False, 'trendy': False, 'upscale': False, 'casual': True}"", 'HasTV': 'False', 'GoodForKids': 'True', 'BusinessParking': ""{'garage': False, 'street': False, 'validated': False, 'lot': False, 'valet': False}"", 'RestaurantsGoodForGroups': 'True', 'BusinessAcceptsCreditCards': 'True'}","Restaurants, Fast Food, Sandwiches","{'Monday': '7:0-21:0', 'Tuesday': '7:0-21:0', 'Wednesday': '7:0-21:0', 'Thursday': '7:0-21:0', 'Friday': '7:0-21:0', 'Saturday': '8:0-21:0', 'Sunday': '8:0-21:0'}"
30,J1RKcr6BAqOI-LDFbn0TvQ,Subway,5757 Wayne Newton Blvd,Las Vegas,NV,89119,36.0854286,-115.149927,1.5,13,,"Restaurants, Fast Food, Sandwiches",
31,kkD5pal9rRzE4PjeYSL9mA,Del Taco,348 N Nellis Blvd,Las Vegas,NV,89110,36.1662351,-115.0618588,2.5,22,"{'HasTV': 'False', 'GoodForKids': 'True', 'NoiseLevel': ""'average'"", 'BusinessParking': ""{'garage': False, 'street': False, 'validated': False, 'lot': False, 'valet': False}"", 'RestaurantsPriceRange2': '1', 'Ambience': ""{'romantic': False, 'intimate': False, 'classy': False, 'hipster': False, 'divey': False, 'touristy': False, 'trendy': False, 'upscale': False, 'casual': True}"", 'RestaurantsTakeOut': 'True', 'WiFi': ""'free'"", 'RestaurantsAttire': ""'casual'"", 'RestaurantsReservations': 'False', 'RestaurantsGoodForGroups': 'True', 'BusinessAcceptsCreditCards': 'True', 'BikeParking': 'True', 'Alcohol': ""u'none'"", 'OutdoorSeating': 'True', 'Caters': 'False', 'RestaurantsDelivery': 'False'}","Restaurants, Mexican",
32,VUtazCTIc0aoOrQprP_s-Q,Toby Keith's I Love This Bar & Grill,3475 Las Vegas Blvd S,Las Vegas,NV,89109,36.1189978367,-115.1703831351,3.0,641,"{'BusinessParking': ""{'garage': True, 'street': False, 'validated': False, 'lot': False, 'valet': False}"", 'RestaurantsAttire': ""'casual'"", 'RestaurantsPriceRange2': '2', 'RestaurantsTakeOut': 'True', 'GoodForMeal': ""{'dessert': False, 'latenight': True, 'lunch': True, 'dinner': True, 'brunch': False, 'breakfast': False}"", 'WheelchairAccessible': 'True', 'RestaurantsTableService': 'True', 'Alcohol': ""u'full_bar'"", 'BusinessAcceptsCreditCards': 'True', 'RestaurantsReservations': 'True', 'Ambience': ""{'romantic': False, 'intimate': False, 'classy': False, 'hipster': False, 'divey': False, 'touristy': True, 'trendy': False, 'upscale': False, 'casual': False}"", 'OutdoorSeating': 'False', 'WiFi': ""u'no'"", 'RestaurantsDelivery': 'False', 'Caters': 'False', 'BikeParking': 'True', 'NoiseLevel': ""u'loud'"", 'GoodForKids': 'False', 'RestaurantsGoodForGroups': 'True', 'HasTV': 'True', 'BusinessAcceptsBitcoin': 'False', 'DogsAllowed': 'False'}","Restaurants, Nightlife, Bars, Music Venues, American (Traditional), Arts & Entertainment","{'Monday': '17:0-0:0', 'Tuesday': '17:0-0:0', 'Wednesday': '17:0-0:0', 'Thursday': '17:0-0:0', 'Friday': '17:0-1:0', 'Saturday': '11:30-1:0', 'Sunday': '11:30-0:0'}"
33,gHoP4eJimaMltfUlp6EP4Q,Sammy's Woodfired Pizza and Grill,6500 W Sahara Ave,Las Vegas,NV,89146,36.144469052,-115.2366719569,4.0,343,"{'RestaurantsPriceRange2': '2', 'RestaurantsTakeOut': 'True', 'NoiseLevel': ""u'average'"", 'GoodForKids': 'True', 'RestaurantsAttire': ""'casual'"", 'HasTV': 'False', 'Caters': 'True', 'RestaurantsGoodForGroups': 'True', 'BusinessParking': ""{'garage': False, 'street': False, 'validated': False, 'lot': True, 'valet': False}"", 'OutdoorSeating': 'True', 'RestaurantsDelivery': 'False', 'Ambience': ""{'romantic': False, 'intimate': False, 'touristy': False, 'hipster': False, 'divey': False, 'classy': False, 'trendy': False, 'upscale': False, 'casual': True}"", 'BusinessAcceptsBitcoin': 'False', 'WiFi': ""u'no'"", 'Alcohol': ""u'full_bar'"", 'BusinessAcceptsCreditCards': 'True', 'BikeParking': 'True', 'GoodForMeal': ""{'dessert': False, 'latenight': False, 'lunch': True, 'dinner': True, 'brunch': False, 'breakfast': False}"", 'RestaurantsReservations': 'True'}","Restaurants, Salad, Pizza, Gluten-Free","{'Monday': '11:0-21:0', 'Tuesday': '11:0-21:0', 'Wednesday': '11:0-21:0', 'Thursday': '11:0-21:0', 'Friday': '11:0-21:30', 'Saturday': '11:0-21:30', 'Sunday': '11:0-21:0'}"
34,ivXSATui5znHvRuVExj3vw,Subway,"9845 S Maryland Pkwy, Ste A",Las Vegas,NV,89183,36.0106875,-115.1371278,3.0,22,"{'GoodForKids': 'True', 'RestaurantsTakeOut': 'True', 'WiFi': ""'free'"", 'BikeParking': 'True', 'Ambience': ""{'romantic': False, 'intimate': False, 'classy': False, 'hipster': False, 'divey': False, 'touristy': False, 'trendy': False, 'upscale': False, 'casual': False}"", 'RestaurantsGoodForGroups': 'True', 'BusinessAcceptsCreditCards': 'True', 'RestaurantsReservations': 'False', 'RestaurantsPriceRange2': '1', 'OutdoorSeating': 'False', 'Alcohol': ""u'none'"", 'RestaurantsDelivery': 'False', 'HasTV': 'False', 'BusinessParking': ""{'garage': False, 'street': False, 'validated': False, 'lot': False, 'valet': False}"", 'RestaurantsAttire': ""u'casual'""}","Restaurants, Fast Food, Sandwiches",
35,Voy_shxcm2YnHQOtfUj1KQ,Spicy City,"4215 Spring Mountain Rd, Ste B205",Las Vegas,NV,89102,36.1253808,-115.1959803,2.5,67,"{'Ambience': ""{'romantic': False, 'intimate': False, 'touristy': False, 'hipster': False, 'divey': False, 'classy': False, 'trendy': False, 'upscale': False, 'casual': False}"", 'Caters': 'False', 'RestaurantsAttire': ""u'casual'"", 'HasTV': 'True', 'Alcohol': ""u'beer_and_wine'"", 'RestaurantsDelivery': 'False', 'BusinessAcceptsCreditCards': 'True', 'BusinessParking': ""{'garage': False, 'street': False, 'validated': False, 'lot': True, 'valet': False}"", 'RestaurantsTakeOut': 'True', 'RestaurantsGoodForGroups': 'True', 'RestaurantsPriceRange2': '2', 'RestaurantsReservations': 'False', 'OutdoorSeating': 'False', 'GoodForKids': 'True', 'BikeParking': 'True', 'NoiseLevel': ""u'average'"", 'WiFi': ""u'no'""}","Restaurants, Chinese, Noodles","{'Monday': '10:0-0:0', 'Tuesday': '10:0-0:0', 'Wednesday': '10:0-0:0', 'Thursday': '10:0-0:0', 'Friday': '10:0-0:0', 'Saturday': '10:0-0:0', 'Sunday': '10:0-0:0'}"
36,0G1y7uV7w1D2uziS4Lt_Dw,Chapalas Mexican Restaurants,3331 E Tropicana Ave,Las Vegas,NV,89121,36.0996135,-115.1039133,3.5,191,"{'RestaurantsGoodForGroups': 'True', 'RestaurantsReservations': 'True', 'Alcohol': ""u'full_bar'"", 'RestaurantsPriceRange2': '2', 'RestaurantsTakeOut': 'True', 'OutdoorSeating': 'True', 'Corkage': 'False', 'BikeParking': 'True', 'BusinessParking': ""{'garage': False, 'street': False, 'validated': False, 'lot': True, 'valet': False}"", 'GoodForMeal': ""{'dessert': False, 'latenight': False, 'lunch': True, 'dinner': True, 'brunch': False, 'breakfast': False}"", 'NoiseLevel': ""u'average'"", 'WiFi': ""u'free'"", 'BYOBCorkage': ""'yes_free'"", 'HasTV': 'True', 'RestaurantsAttire': ""u'casual'"", 'RestaurantsDelivery': 'True', 'Ambience': ""{'romantic': False, 'intimate': False, 'touristy': False, 'hipster': False, 'divey': False, 'classy': False, 'trendy': False, 'upscale': False, 'casual': True}"", 'BusinessAcceptsCreditCards': 'True', 'GoodForKids': 'True', 'Caters': 'True'}","Restaurants, Mexican","{'Monday': '11:0-0:0', 'Tuesday': '11:0-0:0', 'Wednesday': '11:0-0:0', 'Thursday': '11:0-0:0', 'Friday': '11:0-0:0', 'Saturday': '11:0-0:0', 'Sunday': '11:0-0:0'}"
37,a0v7Si0DK4cIko7AQY4YXg,Egg Works,6960 S Rainbow Blvd,Las Vegas,NV,89118,36.0621940089,-115.2418562125,4.5,999,"{'RestaurantsAttire': ""u'casual'"", 'WiFi': ""u'free'"", 'NoiseLevel': ""u'average'"", 'OutdoorSeating': 'True', 'RestaurantsGoodForGroups': 'True', 'RestaurantsTakeOut': 'True', 'HasTV': 'True', 'GoodForKids': 'True', 'RestaurantsReservations': 'False', 'Alcohol': ""u'full_bar'"", 'BusinessParking': ""{'garage': False, 'street': False, 'validated': False, 'lot': True, 'valet': False}"", 'BusinessAcceptsCreditCards': 'True', 'Caters': 'True', 'BusinessAcceptsBitcoin': 'False', 'BikeParking': 'True', 'RestaurantsPriceRange2': '2', 'RestaurantsDelivery': 'False', 'GoodForMeal': ""{'dessert': False, 'latenight': False, 'lunch': True, 'dinner': False, 'brunch': True, 'breakfast': True}"", 'Ambience': ""{'romantic': False, 'intimate': False, 'touristy': False, 'hipster': False, 'divey': False, 'classy': False, 'trendy': False, 'upscale': False, 'casual': True}"", 'DriveThru': 'False'}","Restaurants, Burgers, Breakfast & Brunch, American (Traditional), Pizza","{'Monday': '6:0-15:0', 'Tuesday': '6:0-15:0', 'Wednesday': '6:0-15:0', 'Thursday': '6:0-15:0', 'Friday': '6:0-15:0', 'Saturday': '6:0-15:0', 'Sunday': '6:0-15:0'}"
38,4aAf2nAr86lcDHzqWSaYuQ,Alexander's Pizza,5020 Broadbent Blvd,Las Vegas,NV,89122,36.0974279,-115.0297551,3.5,96,"{'Caters': 'True', 'OutdoorSeating': 'False', 'RestaurantsDelivery': 'True', 'HasTV': 'True', 'RestaurantsAttire': ""u'casual'"", 'RestaurantsTakeOut': 'True', 'RestaurantsPriceRange2': '2', 'WiFi': ""u'no'"", 'Alcohol': ""u'none'"", 'BusinessParking': ""{'garage': False, 'street': False, 'validated': False, 'lot': True, 'valet': False}"", 'NoiseLevel': ""u'average'"", 'GoodForKids': 'True', 'Ambience': ""{'romantic': False, 'intimate': False, 'touristy': False, 'hipster': False, 'divey': False, 'classy': False, 'trendy': False, 'upscale': False, 'casual': True}"", 'BikeParking': 'False', 'RestaurantsGoodForGroups': 'False', 'BusinessAcceptsCreditCards': 'True', 'RestaurantsReservations': 'False'}","Restaurants, Pizza, Food","{'Monday': '10:30-22:0', 'Tuesday': '10:30-22:0', 'Wednesday': '10:30-22:0', 'Thursday': '10:30-22:0', 'Friday': '10:30-23:0', 'Saturday': '10:30-23:0', 'Sunday': '11:0-21:0'}"
39,AyKOSCyaPb7x8a9gqZ0z2A,Subway,"6440 Sky Pointe Dr, Ste 140",Las Vegas,NV,89131,36.279833,-115.2615955,3.0,14,"{'BusinessAcceptsCreditCards': 'True', 'GoodForKids': 'True', 'RestaurantsReservations': 'False', 'Alcohol': ""u'none'"", 'RestaurantsPriceRange2': '1', 'OutdoorSeating': 'False', 'RestaurantsDelivery': 'True', 'RestaurantsAttire': ""'casual'"", 'GoodForMeal': ""{'dessert': False, 'latenight': False, 'lunch': False, 'dinner': False, 'brunch': False, 'breakfast': False}"", 'Ambience': ""{'touristy': False, 'hipster': False, 'romantic': False, 'divey': False, 'intimate': False, 'trendy': False, 'upscale': False, 'classy': False, 'casual': False}"", 'RestaurantsTakeOut': 'True', 'Caters': 'True', 'RestaurantsGoodForGroups': 'True', 'BusinessParking': ""{'garage': False, 'street': False, 'validated': False, 'lot': False, 'valet': False}"", 'HasTV': 'False', 'DriveThru': 'False', 'WiFi': ""u'no'""}","Restaurants, Sandwiches, Fast Food",
40,AUl6myFhTAbEqt0GMdKHiw,Chipotle Mexican Grill,"7340 Arroyo Crossing Pkyw, Ste 100",Las Vegas,NV,89118,36.0636775,-115.2520419,3.0,163,"{'RestaurantsPriceRange2': '1', 'NoiseLevel': ""u'average'"", 'GoodForKids': 'True', 'RestaurantsDelivery': 'False', 'BusinessParking': ""{'garage': False, 'street': False, 'validated': False, 'lot': True, 'valet': False}"", 'RestaurantsGoodForGroups': 'True', 'RestaurantsAttire': ""u'casual'"", 'RestaurantsTakeOut': 'True', 'WiFi': ""u'no'"", 'GoodForMeal': ""{'dessert': False, 'latenight': False, 'lunch': True, 'dinner': True, 'brunch': False, 'breakfast': False}"", 'RestaurantsReservations': 'False', 'HasTV': 'False', 'Alcohol': ""u'beer_and_wine'"", 'BikeParking': 'True', 'Ambience': ""{'romantic': False, 'intimate': False, 'touristy': False, 'hipster': False, 'divey': False, 'classy': False, 'trendy': False, 'upscale': False, 'casual': True}"", 'OutdoorSeating': 'True', 'BusinessAcceptsCreditCards': 'True', 'RestaurantsTableService': 'False', 'Caters': 'True'}","Restaurants, Fast Food, Mexican","{'Monday': '10:45-22:0', 'Tuesday': '10:45-22:0', 'Wednesday': '10:45-22:0', 'Thursday': '10:45-22:0', 'Friday': '10:45-22:0', 'Saturday': '10:45-22:0', 'Sunday': '10:45-22:0'}"
41,IkmL3syVMj8zZxpL-7SYsw,Subway,6530 S Decatur Blvd,Las Vegas,NV,89118,36.0711489,-115.2073958,2.5,14,"{'RestaurantsGoodForGroups': 'True', 'RestaurantsReservations': 'False', 'BusinessAcceptsCreditCards': 'True', 'BikeParking': 'False', 'RestaurantsPriceRange2': '1', 'RestaurantsDelivery': 'False', 'GoodForKids': 'True', 'RestaurantsTakeOut': 'True', 'HasTV': 'False', 'Alcohol': ""'none'"", 'Ambience': ""{'touristy': False, 'hipster': False, 'romantic': False, 'divey': False, 'intimate': False, 'trendy': False, 'upscale': False, 'classy': False, 'casual': False}"", 'OutdoorSeating': 'False', 'RestaurantsAttire': ""'casual'"", 'WiFi': ""'no'""}","Restaurants, Sandwiches, Fast Food","{'Monday': '7:0-21:0', 'Tuesday': '7:0-21:0', 'Wednesday': '7:0-21:0', 'Thursday': '7:0-21:0', 'Friday': '7:0-21:0', 'Saturday': '8:0-21:0', 'Sunday': '9:0-21:0'}"
42,o69XnnmtOaj6a2sjOTsGeg,Capriotti's Sandwich Shop,"3830 E Flamingo Rd, Ste E5",Las Vegas,NV,89121,36.1170337131,-115.0904042894,3.5,129,"{'HasTV': 'True', 'RestaurantsReservations': 'False', 'BusinessParking': ""{'garage': False, 'street': False, 'validated': False, 'lot': True, 'valet': False}"", 'RestaurantsAttire': ""'casual'"", 'OutdoorSeating': 'False', 'GoodForKids': 'True', 'RestaurantsPriceRange2': '1', 'Alcohol': ""u'none'"", 'WiFi': ""'free'"", 'GoodForMeal': ""{'dessert': False, 'latenight': False, 'lunch': True, 'dinner': False, 'brunch': False, 'breakfast': False}"", 'RestaurantsGoodForGroups': 'True', 'BusinessAcceptsCreditCards': 'True', 'NoiseLevel': ""u'average'"", 'Ambience': ""{'romantic': False, 'intimate': False, 'touristy': False, 'hipster': False, 'divey': False, 'classy': False, 'trendy': False, 'upscale': False, 'casual': True}"", 'BikeParking': 'True', 'RestaurantsDelivery': 'True', 'Caters': 'True', 'RestaurantsTableService': 'False', 'RestaurantsTakeOut': 'True'}","Restaurants, Delis, Sandwiches","{'Monday': '10:0-20:0', 'Tuesday': '10:0-20:0', 'Wednesday': '10:0-20:0', 'Thursday': '10:0-20:0', 'Friday': '10:0-20:0', 'Saturday': '10:0-20:0', 'Sunday': '11:0-19:0'}"
43,ddplAthoA2pGLoSqhHpVkA,Don Tortaco,"8520 Blue Diamond Rd, Ste 110",Las Vegas,NV,89178,36.0208520614,-115.2773894037,2.0,30,"{'BusinessParking': ""{'garage': False, 'street': False, 'validated': False, 'lot': False, 'valet': False}"", 'RestaurantsGoodForGroups': 'True', 'RestaurantsTakeOut': 'True', 'RestaurantsReservations': 'False', 'HasTV': 'False', 'NoiseLevel': ""'average'"", 'BikeParking': 'True', 'Alcohol': ""'none'"", 'WiFi': ""'no'"", 'GoodForMeal': ""{'dessert': False, 'latenight': False, 'lunch': False, 'dinner': False, 'brunch': False, 'breakfast': False}"", 'BusinessAcceptsCreditCards': 'True', 'RestaurantsAttire': ""'casual'"", 'GoodForKids': 'True', 'Ambience': ""{'touristy': False, 'hipster': False, 'romantic': False, 'divey': False, 'intimate': False, 'trendy': False, 'upscale': False, 'classy': False, 'casual': False}"", 'Caters': 'False', 'RestaurantsDelivery': 'False', 'OutdoorSeating': 'False', 'RestaurantsPriceRange2': '1', 'RestaurantsTableService': 'False'}","Restaurants, Mexican","{'Monday': '0:0-0:0', 'Tuesday': '0:0-0:0', 'Wednesday': '0:0-0:0', 'Thursday': '0:0-0:0', 'Friday': '0:0-0:0', 'Saturday': '0:0-0:0', 'Sunday': '0:0-0:0'}"
44,gdb4gmSI5eJcuXLZ3BfgtA,Jacky Chan,"8544 Blue Diamond Rd, Ste 100",Las Vegas,NV,89178,36.0216106,-115.277674,3.0,180,"{'RestaurantsDelivery': 'True', 'BusinessAcceptsCreditCards': 'True', 'GoodForMeal': ""{'dessert': False, 'latenight': False, 'lunch': True, 'dinner': True, 'brunch': False, 'breakfast': False}"", 'Alcohol': ""u'none'"", 'GoodForKids': 'True', 'BusinessParking': ""{'garage': False, 'street': False, 'validated': False, 'lot': False, 'valet': False}"", 'Caters': 'True', 'HasTV': 'False', 'WiFi': ""u'no'"", 'RestaurantsTakeOut': 'True', 'RestaurantsGoodForGroups': 'True', 'RestaurantsAttire': ""u'casual'"", 'RestaurantsReservations': 'False', 'Ambience': ""{'romantic': False, 'intimate': False, 'touristy': False, 'hipster': False, 'divey': False, 'classy': False, 'trendy': False, 'upscale': False, 'casual': True}"", 'BikeParking': 'True', 'RestaurantsPriceRange2': '1', 'NoiseLevel': ""'average'"", 'OutdoorSeating': 'False'}","Restaurants, Thai, Chinese","{'Monday': '11:0-22:0', 'Tuesday': '11:0-22:0', 'Wednesday': '11:0-22:0', 'Thursday': '11:0-22:0', 'Friday': '11:0-22:0', 'Saturday': '11:0-22:0', 'Sunday': '13:0-22:0'}"
45,2vr2yGIzSehe_ITFamNpyw,Fun Tacos,2330 S Rainbow Blvd,Las Vegas,NV,89146,36.1462034039,-115.2426542714,4.0,129,"{'Alcohol': ""'none'"", 'RestaurantsDelivery': 'False', 'NoiseLevel': ""u'quiet'"", 'RestaurantsPriceRange2': '1', 'BusinessAcceptsCreditCards': 'True', 'WiFi': ""'free'"", 'Ambience': ""{'touristy': False, 'hipster': False, 'romantic': False, 'divey': False, 'intimate': False, 'trendy': False, 'upscale': False, 'classy': False, 'casual': True}"", 'BikeParking': 'True', 'RestaurantsAttire': ""u'casual'"", 'RestaurantsTableService': 'False', 'BusinessParking': ""{'garage': False, 'street': False, 'validated': False, 'lot': True, 'valet': False}"", 'GoodForKids': 'True', 'RestaurantsReservations': 'False', 'OutdoorSeating': 'False', 'GoodForMeal': ""{'dessert': False, 'latenight': False, 'lunch': True, 'dinner': False, 'brunch': False, 'breakfast': True}"", 'DriveThru': 'True', 'RestaurantsGoodForGroups': 'True', 'RestaurantsTakeOut': 'True', 'HasTV': 'False'}","Restaurants, Breakfast & Brunch, Burgers, Tacos, Mexican","{'Monday': '7:0-21:0', 'Tuesday': '7:0-21:0', 'Wednesday': '7:0-21:0', 'Thursday': '7:0-21:0', 'Friday': '7:0-21:0', 'Saturday': '7:0-21:0'}"
46,BoiAZQB9AHRvazM055GFOw,Paradise India,"6825 W Russell Rd, Ste 115",Las Vegas,NV,89118,36.0844883,-115.2410644,4.0,47,"{'WheelchairAccessible': 'True', 'RestaurantsReservations': 'True', 'GoodForMeal': ""{'dessert': False, 'latenight': False, 'lunch': True, 'dinner': False, 'brunch': False, 'breakfast': False}"", 'Ambience': ""{'touristy': False, 'hipster': False, 'romantic': False, 'divey': False, 'intimate': False, 'trendy': False, 'upscale': False, 'classy': False, 'casual': False}"", 'BusinessParking': ""{'garage': False, 'street': False, 'validated': False, 'lot': False, 'valet': False}"", 'BusinessAcceptsCreditCards': 'True', 'RestaurantsGoodForGroups': 'True', 'RestaurantsTakeOut': 'True', 'GoodForKids': 'False', 'RestaurantsDelivery': 'True', 'RestaurantsPriceRange2': '2', 'WiFi': ""u'free'""}","Restaurants, Indian","{'Monday': '17:0-21:0', 'Tuesday': '17:0-21:0', 'Wednesday': '17:0-21:0', 'Thursday': '17:0-21:0', 'Friday': '17:0-21:0', 'Saturday': '17:0-21:0', 'Sunday': '11:0-15:0'}"
47,L7SKlQ4hH12eIqmabXzE0Q,DJT,2000 Fashion Show Dr,Las Vegas,NV,89109,36.129522,-115.172779,3.0,139,"{'Alcohol': ""u'full_bar'"", 'RestaurantsReservations': 'True', 'RestaurantsGoodForGroups': 'True', 'BestNights': ""{'monday': True, 'tuesday': False, 'friday': True, 'wednesday': False, 'thursday': False, 'sunday': False, 'saturday': True}"", 'RestaurantsDelivery': 'False', 'BusinessAcceptsCreditCards': 'True', 'NoiseLevel': ""u'average'"", 'CoatCheck': 'False', 'HasTV': 'True', 'BikeParking': 'False', 'RestaurantsPriceRange2': '3', 'RestaurantsTakeOut': 'False', 'Music': ""{'dj': False, 'background_music': False, 'no_music': False, 'jukebox': False, 'live': False, 'video': False, 'karaoke': False}"", 'HappyHour': 'True', 'GoodForDancing': 'False', 'RestaurantsAttire': ""u'casual'"", 'Caters': 'False', 'BusinessParking': ""{'garage': False, 'street': False, 'validated': False, 'lot': False, 'valet': True}"", 'RestaurantsTableService': 'True', 'Ambience': ""{'romantic': False, 'intimate': False, 'classy': False, 'hipster': False, 'divey': False, 'touristy': False, 'trendy': False, 'upscale': True, 'casual': False}"", 'WheelchairAccessible': 'True', 'GoodForMeal': ""{'dessert': False, 'latenight': False, 'lunch': False, 'dinner': True, 'brunch': False, 'breakfast': False}"", 'OutdoorSeating': 'False', 'WiFi': ""u'no'"", 'GoodForKids': 'False', 'Smoking': ""u'yes'""}","Restaurants, American (New)","{'Monday': '6:30-22:0', 'Tuesday': '6:30-22:0', 'Wednesday': '6:30-22:0', 'Thursday': '6:30-22:0', 'Friday': '6:30-22:0', 'Saturday': '6:30-22:0', 'Sunday': '6:30-22:0'}"
48,sd7Ci7gTC6Ia1cAIPcmDGw,McDonald's,4321 W Flamingo Rd,Las Vegas,NV,89103,36.1144137,-115.1958971,1.0,9,"{'RestaurantsDelivery': 'False', 'RestaurantsGoodForGroups': 'False'}","Restaurants, Burgers, Food, Coffee & Tea, Fast Food","{'Monday': '0:0-0:0', 'Tuesday': '0:0-0:0', 'Wednesday': '0:0-0:0', 'Thursday': '0:0-0:0', 'Friday': '0:0-0:0', 'Saturday': '0:0-0:0', 'Sunday': '0:0-0:0'}"
49,N-L7ISdndWsIWdK0fn29wg,Curry Pot,3355 S Las Vegas Blvd,Las Vegas,NV,89109,36.1226902,-115.1701939,3.5,144,"{'RestaurantsTableService': 'False', 'DriveThru': 'False', 'Ambience': ""{'touristy': True, 'hipster': False, 'romantic': False, 'divey': False, 'intimate': False, 'trendy': False, 'upscale': False, 'classy': False, 'casual': True}"", 'WiFi': ""u'no'"", 'BusinessParking': ""{'garage': False, 'street': False, 'validated': False, 'lot': False, 'valet': False}"", 'RestaurantsGoodForGroups': 'True', 'Alcohol': ""u'none'"", 'OutdoorSeating': 'False', 'RestaurantsTakeOut': 'True', 'RestaurantsDelivery': 'False', 'RestaurantsReservations': 'False', 'NoiseLevel': ""u'average'"", 'Caters': 'False', 'RestaurantsPriceRange2': '2', 'HasTV': 'False', 'WheelchairAccessible': 'True', 'RestaurantsAttire': ""'casual'"", 'GoodForKids': 'True', 'GoodForMeal': ""{'dessert': False, 'latenight': False, 'lunch': True, 'dinner': True, 'brunch': False, 'breakfast': False}"", 'BusinessAcceptsCreditCards': 'True', 'BikeParking': 'True'}","Restaurants, Indian, Vegetarian, Fast Food","{'Monday': '0:0-0:0', 'Tuesday': '0:0-0:0', 'Wednesday': '0:0-0:0', 'Thursday': '0:0-0:0', 'Friday': '0:0-0:0', 'Saturday': '0:0-0:0', 'Sunday': '0:0-0:0'}"
50,Os1n1_idfw9vv9kwULGJnQ,Island Style Restaurant,"3909 W Sahara Ave, Ste 1",Las Vegas,NV,89102,36.1440350372,-115.1933891745,4.5,803,"{'Ambience': ""{'romantic': False, 'intimate': False, 'touristy': False, 'hipster': False, 'divey': False, 'classy': False, 'trendy': False, 'upscale': False, 'casual': True}"", 'Alcohol': ""u'none'"", 'WheelchairAccessible': 'True', 'RestaurantsAttire': ""'casual'"", 'BusinessAcceptsBitcoin': 'False', 'RestaurantsReservations': 'True', 'RestaurantsDelivery': 'False', 'GoodForMeal': ""{'dessert': False, 'latenight': False, 'lunch': True, 'dinner': True, 'brunch': False, 'breakfast': False}"", 'RestaurantsGoodForGroups': 'True', 'RestaurantsTakeOut': 'True', 'WiFi': ""u'free'"", 'Caters': 'True', 'NoiseLevel': ""u'average'"", 'RestaurantsTableService': 'True', 'BusinessParking': ""{'garage': False, 'street': False, 'validated': False, 'lot': True, 'valet': False}"", 'RestaurantsPriceRange2': '2', 'BusinessAcceptsCreditCards': 'True', 'OutdoorSeating': 'False', 'GoodForKids': 'True', 'BikeParking': 'True', 'HasTV': 'True'}","Restaurants, Japanese, Hawaiian, Korean, Asian Fusion","{'Monday': '0:0-0:0', 'Tuesday': '11:0-21:0', 'Wednesday': '11:0-21:0', 'Thursday': '11:0-21:0', 'Friday': '11:0-21:0', 'Saturday': '11:0-21:0'}"
51,Gyrez6K8f1AyR7dzW9fvAw,Casanova,"3377 S Las Vegas Blvd, Ste 2170",Las Vegas,NV,89109,36.1215792268,-115.1686638594,4.0,495,"{'HasTV': 'True', 'Ambience': ""{'romantic': False, 'intimate': False, 'classy': False, 'hipster': False, 'divey': False, 'touristy': False, 'trendy': False, 'upscale': False, 'casual': True}"", 'GoodForKids': 'True', 'Caters': 'False', 'BusinessAcceptsCreditCards': 'True', 'RestaurantsAttire': ""u'casual'"", 'RestaurantsReservations': 'True', 'RestaurantsDelivery': 'False', 'BusinessParking': ""{'garage': True, 'street': False, 'validated': False, 'lot': False, 'valet': True}"", 'Alcohol': ""u'full_bar'"", 'NoiseLevel': ""u'average'"", 'BikeParking': 'False', 'OutdoorSeating': 'False', 'RestaurantsTakeOut': 'True', 'WiFi': ""u'free'"", 'RestaurantsGoodForGroups': 'True', 'GoodForMeal': ""{'dessert': False, 'latenight': False, 'lunch': False, 'dinner': True, 'brunch': False, 'breakfast': False}"", 'RestaurantsPriceRange2': '2'}","Restaurants, Tapas Bars, Mediterranean, Italian","{'Monday': '8:0-23:0', 'Tuesday': '8:0-23:0', 'Wednesday': '8:0-23:0', 'Thursday': '8:0-23:0', 'Friday': '8:0-0:0', 'Saturday': '8:0-0:0', 'Sunday': '8:0-23:0'}"
52,uXzYH9ywBhZ0WwfStrCWNQ,Jersey Mike's Subs,"9540 W Flamingo Rd, Ste 165",Las Vegas,NV,89147,36.1155388,-115.3001955,4.5,35,"{'Alcohol': ""'none'"", 'BusinessParking': ""{'garage': False, 'street': False, 'validated': False, 'lot': True, 'valet': False}"", 'Caters': 'True', 'HasTV': 'True', 'RestaurantsDelivery': 'False', 'NoiseLevel': ""'average'"", 'RestaurantsTableService': 'False', 'WiFi': ""'no'"", 'RestaurantsTakeOut': 'True', 'RestaurantsReservations': 'False', 'OutdoorSeating': 'False', 'RestaurantsGoodForGroups': 'True', 'GoodForKids': 'True', 'BusinessAcceptsCreditCards': 'True', 'RestaurantsAttire': ""'casual'"", 'GoodForMeal': ""{'dessert': False, 'latenight': False, 'lunch': True, 'dinner': False, 'brunch': False, 'breakfast': False}"", 'BikeParking': 'True', 'RestaurantsPriceRange2': '1', 'Ambience': ""{'touristy': False, 'hipster': False, 'romantic': False, 'divey': False, 'intimate': False, 'trendy': False, 'upscale': False, 'classy': False, 'casual': True}"", 'DriveThru': 'False'}","Restaurants, Sandwiches, Fast Food, Delis","{'Monday': '0:0-0:0', 'Tuesday': '10:0-21:0', 'Wednesday': '10:0-21:0', 'Thursday': '10:0-21:0', 'Friday': '10:0-21:0', 'Saturday': '10:0-21:0', 'Sunday': '10:0-18:0'}"
53,1tNVPumjvFErYjvSXbOQ6Q,Wendy's,4400 W Sahara Ave,Las Vegas,NV,89102,36.1449223,-115.2001708,2.0,22,"{'RestaurantsTakeOut': 'True', 'OutdoorSeating': 'False', 'GoodForKids': 'True', 'Ambience': ""{'romantic': False, 'intimate': False, 'touristy': False, 'hipster': False, 'divey': False, 'classy': False, 'trendy': False, 'upscale': False, 'casual': False}"", 'RestaurantsReservations': 'False', 'BusinessParking': ""{'garage': False, 'street': False, 'validated': False, 'lot': False, 'valet': False}"", 'RestaurantsPriceRange2': '1', 'RestaurantsGoodForGroups': 'True', 'RestaurantsAttire': ""u'casual'"", 'Caters': 'False', 'HasTV': 'False', 'BikeParking': 'False', 'Alcohol': ""u'none'"", 'RestaurantsDelivery': 'False', 'BusinessAcceptsCreditCards': 'True', 'GoodForMeal': ""{'dessert': False, 'latenight': False, 'lunch': False, 'dinner': False, 'brunch': False, 'breakfast': False}""}","Restaurants, Fast Food, Burgers",
54,Rjd3YgkooUHodPcDaQVjvw,"Big Al,s Chicago Deli",McCarran Airport,Las Vegas,NV,89119,36.085713,-115.149418,2.5,6,"{'GoodForKids': 'False', 'RestaurantsGoodForGroups': 'False', 'HasTV': 'False', 'WiFi': ""'no'"", 'RestaurantsReservations': 'False', 'NoiseLevel': ""'average'"", 'RestaurantsDelivery': 'False', 'RestaurantsPriceRange2': '2', 'RestaurantsTakeOut': 'True', 'Alcohol': ""u'none'"", 'OutdoorSeating': 'False', 'BusinessAcceptsCreditCards': 'True'}","Restaurants, Hot Dogs",
55,UeEzvTGkSyaHRvWTlZ1ISA,Amazing Thai 2,"7425 S Durango Dr, Ste 101",Las Vegas,NV,89113,36.0532899,-115.2795449,4.5,142,"{'RestaurantsReservations': 'True', 'RestaurantsDelivery': 'True', 'WiFi': ""'no'"", 'Ambience': ""{'touristy': False, 'hipster': False, 'romantic': False, 'divey': False, 'intimate': False, 'trendy': False, 'upscale': False, 'classy': False, 'casual': True}"", 'BikeParking': 'False', 'NoiseLevel': ""'quiet'"", 'RestaurantsTakeOut': 'True', 'GoodForMeal': ""{'dessert': True, 'latenight': False, 'lunch': True, 'dinner': True, 'brunch': True, 'breakfast': False}"", 'RestaurantsAttire': ""'casual'"", 'Alcohol': ""'none'"", 'RestaurantsPriceRange2': '2', 'RestaurantsTableService': 'True', 'BusinessAcceptsCreditCards': 'True', 'RestaurantsGoodForGroups': 'True', 'OutdoorSeating': 'False', 'HasTV': 'False', 'GoodForKids': 'True', 'BusinessParking': ""{'garage': False, 'street': False, 'validated': False, 'lot': False, 'valet': False}""}","Restaurants, Thai","{'Monday': '11:0-21:0', 'Tuesday': '11:0-21:0', 'Wednesday': '11:0-21:0', 'Thursday': '11:0-21:0', 'Friday': '11:0-21:0', 'Saturday': '11:0-21:0', 'Sunday': '12:0-21:0'}"
56,ayT30_GPYHqnrDhBe3IySQ,Life Cafe,10721 W Charleston Blvd,Las Vegas,NV,89135,36.1581511387,-115.3277724847,3.5,9,"{'BusinessParking': ""{'garage': True, 'street': False, 'validated': False, 'lot': False, 'valet': False}"", 'Alcohol': ""'none'"", 'WiFi': ""u'free'"", 'BusinessAcceptsCreditCards': 'True', 'NoiseLevel': ""'quiet'"", 'GoodForKids': 'True', 'RestaurantsGoodForGroups': 'False', 'HasTV': 'True', 'OutdoorSeating': 'True', 'RestaurantsAttire': ""'casual'"", 'RestaurantsTakeOut': 'True', 'Ambience': ""{'romantic': False, 'intimate': False, 'classy': False, 'hipster': False, 'divey': False, 'touristy': False, 'trendy': False, 'upscale': False, 'casual': False}"", 'RestaurantsReservations': 'False', 'BikeParking': 'True', 'RestaurantsDelivery': 'False', 'GoodForMeal': ""{'dessert': False, 'latenight': False, 'lunch': False, 'dinner': False, 'brunch': False, 'breakfast': False}"", 'Caters': 'False', 'RestaurantsPriceRange2': '2', 'RestaurantsTableService': 'False'}","Restaurants, Salad, Cafes, Sandwiches","{'Monday': '6:0-22:0', 'Tuesday': '6:0-22:0', 'Wednesday': '6:0-22:0', 'Thursday': '6:0-22:0', 'Friday': '6:0-21:0', 'Saturday': '8:0-19:0', 'Sunday': '9:0-18:0'}"
57,oI11Y5AZscmmn12Yv3PinQ,Subway,9265 S Cimarron Rd,Las Vegas,NV,89178,36.0198631,-115.2704078,3.0,36,"{'BusinessAcceptsCreditCards': 'True', 'BikeParking': 'True', 'Alcohol': ""'none'"", 'OutdoorSeating': 'False', 'RestaurantsGoodForGroups': 'True', 'RestaurantsReservations': 'False', 'GoodForMeal': ""{'dessert': False, 'latenight': False, 'lunch': True, 'dinner': False, 'brunch': False, 'breakfast': False}"", 'Caters': 'True', 'GoodForKids': 'True', 'RestaurantsPriceRange2': '1', 'Ambience': ""{'romantic': False, 'intimate': False, 'classy': False, 'hipster': False, 'divey': False, 'touristy': False, 'trendy': False, 'upscale': False, 'casual': False}"", 'HasTV': 'False', 'RestaurantsDelivery': 'False', 'RestaurantsAttire': ""u'casual'"", 'RestaurantsTakeOut': 'True', 'NoiseLevel': ""u'average'"", 'BusinessParking': ""{'garage': False, 'street': True, 'validated': False, 'lot': True, 'valet': False}"", 'WiFi': ""'no'""}","Restaurants, Fast Food, Sandwiches, Salad","{'Monday': '0:0-0:0', 'Tuesday': '0:0-0:0', 'Wednesday': '0:0-0:0', 'Thursday': '0:0-0:0', 'Friday': '0:0-0:0', 'Saturday': '0:0-0:0', 'Sunday': '0:0-0:0'}"
58,OwL4BM7GchsxBXxWrkmmqw,Papa Murphy's,"4900 West Craig Road, Suite 4",Las Vegas,NV,89130,36.2390814,-115.2094336,3.0,24,"{'RestaurantsTakeOut': 'True', 'BikeParking': 'False', 'RestaurantsReservations': 'False', 'OutdoorSeating': 'False', 'BusinessAcceptsCreditCards': 'True', 'HasTV': 'False', 'BusinessParking': ""{'garage': False, 'street': False, 'validated': False, 'lot': False, 'valet': False}"", 'GoodForKids': 'True', 'NoiseLevel': ""u'average'"", 'WiFi': ""'no'"", 'RestaurantsGoodForGroups': 'True', 'Alcohol': ""u'none'"", 'RestaurantsPriceRange2': '1', 'RestaurantsAttire': ""u'casual'"", 'Ambience': ""{'romantic': False, 'intimate': False, 'classy': False, 'hipster': False, 'divey': False, 'touristy': False, 'trendy': False, 'upscale': False, 'casual': True}"", 'Caters': 'True', 'RestaurantsDelivery': 'False'}","Restaurants, Pizza","{'Monday': '11:0-20:0', 'Tuesday': '11:0-20:0', 'Wednesday': '11:0-20:0', 'Thursday': '11:0-20:0', 'Friday': '11:0-20:0', 'Saturday': '11:0-20:0', 'Sunday': '11:0-20:0'}"
59,89N08SxuIHyD3A1iuU5i3Q,Sin City Soul Deli Caribbean BBQ,1675 Industrial Rd,Las Vegas,NV,89102,36.1511085238,-115.1598507911,4.0,13,"{'GoodForMeal': ""{'dessert': False, 'latenight': False, 'lunch': False, 'dinner': False, 'brunch': False, 'breakfast': False}"", 'RestaurantsGoodForGroups': 'True', 'GoodForKids': 'True', 'WheelchairAccessible': 'True', 'OutdoorSeating': 'True', 'RestaurantsTakeOut': 'True', 'BusinessParking': ""{'garage': False, 'street': True, 'validated': False, 'lot': False, 'valet': False}"", 'BikeParking': 'True', 'Caters': 'True', 'HasTV': 'True', 'WiFi': ""u'free'"", 'RestaurantsTableService': 'True', 'BusinessAcceptsCreditCards': 'True', 'Alcohol': ""u'none'"", 'RestaurantsDelivery': 'True'}","Restaurants, Caribbean, Event Planning & Services, Barbeque, Vegan, Soul Food, Caterers","{'Monday': '11:0-0:0', 'Tuesday': '11:0-0:0', 'Wednesday': '11:0-0:0', 'Thursday': '11:0-0:0', 'Friday': '11:0-0:0', 'Saturday': '11:0-0:0', 'Sunday': '10:0-0:0'}"
60,LPMZ9N1sAjs2nDx7DmiZ2w,Palermo's Pizza,"1370 E Flamingo Rd, Ste F",Las Vegas,NV,89119,36.1154564,-115.1338935,3.0,145,"{'RestaurantsAttire': ""u'casual'"", 'BikeParking': 'True', 'Ambience': ""{'romantic': False, 'intimate': False, 'classy': False, 'hipster': False, 'divey': False, 'touristy': False, 'trendy': False, 'upscale': False, 'casual': True}"", 'GoodForKids': 'True', 'NoiseLevel': ""'quiet'"", 'RestaurantsTakeOut': 'True', 'Caters': 'True', 'BusinessAcceptsBitcoin': 'False', 'HasTV': 'True', 'RestaurantsGoodForGroups': 'True', 'RestaurantsReservations': 'False', 'OutdoorSeating': 'True', 'BusinessAcceptsCreditCards': 'True', 'RestaurantsPriceRange2': '1', 'RestaurantsDelivery': 'True', 'Alcohol': ""u'none'"", 'BusinessParking': ""{'garage': False, 'street': False, 'validated': False, 'lot': True, 'valet': False}"", 'GoodForMeal': ""{'dessert': False, 'latenight': False, 'lunch': True, 'dinner': True, 'brunch': False, 'breakfast': False}"", 'WiFi': ""u'free'""}","Restaurants, Pizza, Food, Food Delivery Services","{'Monday': '11:0-0:0', 'Tuesday': '11:0-0:0', 'Wednesday': '11:0-0:0', 'Thursday': '11:0-0:0', 'Friday': '7:0-23:30', 'Saturday': '11:0-2:0', 'Sunday': '11:0-0:0'}"
61,-iFvYhgysvjkxckCr42NRw,Rani's World Foods,4505 W Sahara Ave,Las Vegas,NV,89102,36.1435825,-115.2014156,4.0,190,"{'BusinessAcceptsCreditCards': 'True', 'RestaurantsAttire': ""u'casual'"", 'BusinessParking': ""{'garage': False, 'street': False, 'validated': False, 'lot': True, 'valet': False}"", 'RestaurantsGoodForGroups': 'True', 'Alcohol': ""u'none'"", 'GoodForMeal': ""{'dessert': False, 'latenight': False, 'lunch': True, 'dinner': True, 'brunch': False, 'breakfast': False}"", 'RestaurantsDelivery': 'False', 'OutdoorSeating': 'False', 'RestaurantsTakeOut': 'True', 'RestaurantsReservations': 'False', 'RestaurantsPriceRange2': '1', 'BikeParking': 'True', 'HasTV': 'True', 'WiFi': ""u'free'"", 'Caters': 'True', 'GoodForKids': 'True', 'Ambience': ""{'romantic': False, 'intimate': False, 'touristy': False, 'hipster': False, 'divey': False, 'classy': False, 'trendy': False, 'upscale': False, 'casual': True}"", 'NoiseLevel': ""'average'""}","Restaurants, Food, Ethnic Food, Indian, Specialty Food, Vegetarian, Grocery","{'Monday': '10:0-21:0', 'Tuesday': '10:0-21:0', 'Wednesday': '10:0-21:0', 'Thursday': '10:0-21:0', 'Friday': '10:0-21:0', 'Saturday': '10:0-21:0', 'Sunday': '10:0-21:0'}"
62,dtqT51H8Q8mIvrLylVuiZg,OMG Sushi,"2351 N Rainbow Blvd, Ste 103",Las Vegas,NV,89108,36.2029786001,-115.242925712,4.0,174,"{'RestaurantsDelivery': 'False', 'BikeParking': 'True', 'GoodForMeal': ""{'dessert': False, 'latenight': False, 'lunch': True, 'dinner': True, 'brunch': False, 'breakfast': False}"", 'BusinessParking': ""{'garage': False, 'street': False, 'validated': False, 'lot': True, 'valet': False}"", 'NoiseLevel': ""'average'"", 'HasTV': 'True', 'Alcohol': ""'beer_and_wine'"", 'GoodForKids': 'True', 'BusinessAcceptsCreditCards': 'True', 'RestaurantsAttire': ""u'casual'"", 'RestaurantsTakeOut': 'True', 'OutdoorSeating': 'False', 'Ambience': ""{'touristy': False, 'hipster': False, 'romantic': False, 'divey': False, 'intimate': False, 'trendy': False, 'upscale': False, 'classy': False, 'casual': True}"", 'WiFi': ""'no'"", 'RestaurantsGoodForGroups': 'True', 'RestaurantsTableService': 'True', 'RestaurantsReservations': 'True', 'RestaurantsPriceRange2': '2'}","Restaurants, Sushi Bars","{'Monday': '0:0-0:0', 'Tuesday': '11:30-23:0', 'Wednesday': '11:30-23:0', 'Thursday': '11:30-23:0', 'Friday': '11:30-23:0', 'Saturday': '11:30-23:0', 'Sunday': '12:0-22:0'}"
63,k1PkpDm5d5pYJI1K_3UYpw,Nathan's Famous,"MGM Hotel & Casino Food Court, 3799 Las Vegas Blvd S",Las Vegas,NV,89109,36.103191,-115.168455,2.5,93,"{'NoiseLevel': ""'loud'"", 'GoodForKids': 'True', 'RestaurantsTakeOut': 'True', 'GoodForMeal': ""{'dessert': False, 'latenight': True, 'lunch': True, 'dinner': True, 'brunch': False, 'breakfast': False}"", 'RestaurantsPriceRange2': '2', 'Ambience': ""{'romantic': False, 'intimate': False, 'classy': False, 'hipster': False, 'divey': False, 'touristy': False, 'trendy': False, 'upscale': False, 'casual': True}"", 'RestaurantsDelivery': 'False', 'RestaurantsAttire': ""'casual'"", 'BusinessAcceptsCreditCards': 'True', 'RestaurantsReservations': 'False', 'OutdoorSeating': 'False', 'RestaurantsGoodForGroups': 'True', 'Caters': 'False', 'Alcohol': ""'none'"", 'BusinessParking': ""{'garage': True, 'street': False, 'validated': False, 'lot': False, 'valet': False}"", 'BikeParking': 'False', 'HasTV': 'False', 'WiFi': ""'no'""}","Restaurants, Cheesesteaks, Hot Dogs, American (New), Fast Food",
64,r8Jr-7YfkhJL2nxk9lxUNg,Frank & Fina's Cocina,4175 S Grand Canyon Dr,Las Vegas,NV,89147,36.113498,-115.307372,4.0,396,"{'RestaurantsDelivery': 'False', 'RestaurantsReservations': 'True', 'RestaurantsGoodForGroups': 'True', 'BusinessParking': ""{'garage': False, 'street': False, 'validated': False, 'lot': True, 'valet': False}"", 'OutdoorSeating': 'False', 'Alcohol': ""'full_bar'"", 'GoodForKids': 'True', 'RestaurantsAttire': ""'casual'"", 'RestaurantsTakeOut': 'True', 'Caters': 'True', 'HasTV': 'False', 'BikeParking': 'True', 'BusinessAcceptsCreditCards': 'True', 'NoiseLevel': ""u'average'"", 'Ambience': ""{'romantic': False, 'intimate': False, 'touristy': False, 'hipster': False, 'divey': False, 'classy': False, 'trendy': False, 'upscale': False, 'casual': True}"", 'RestaurantsPriceRange2': '2', 'WiFi': ""u'no'"", 'GoodForMeal': ""{'dessert': False, 'latenight': False, 'lunch': True, 'dinner': True, 'brunch': False, 'breakfast': False}""}","Restaurants, Mexican","{'Monday': '11:0-21:0', 'Tuesday': '11:0-21:0', 'Wednesday': '11:0-21:0', 'Thursday': '11:0-21:0', 'Friday': '11:0-22:0', 'Saturday': '11:0-22:0', 'Sunday': '11:0-21:0'}"
65,M51gw2cz_vXarNBLbKkOxQ,The Cracked Egg,6435 S Rainbow Blvd,Las Vegas,NV,89118,36.0720455659,-115.2435014237,4.0,546,"{'BYOBCorkage': ""'yes_free'"", 'Caters': 'False', 'Corkage': 'False', 'RestaurantsTakeOut': 'True', 'RestaurantsGoodForGroups': 'True', 'BusinessAcceptsCreditCards': 'True', 'RestaurantsAttire': ""'casual'"", 'Alcohol': ""u'none'"", 'Ambience': ""{'romantic': False, 'intimate': False, 'touristy': False, 'hipster': False, 'divey': False, 'classy': False, 'trendy': False, 'upscale': False, 'casual': True}"", 'WiFi': ""u'no'"", 'RestaurantsPriceRange2': '2', 'BusinessParking': ""{'garage': False, 'street': False, 'validated': False, 'lot': True, 'valet': False}"", 'OutdoorSeating': 'True', 'RestaurantsReservations': 'False', 'GoodForKids': 'True', 'RestaurantsDelivery': 'False', 'BikeParking': 'True', 'HasTV': 'False', 'GoodForMeal': ""{'dessert': False, 'latenight': False, 'lunch': True, 'dinner': False, 'brunch': True, 'breakfast': True}"", 'RestaurantsTableService': 'True', 'NoiseLevel': ""u'average'""}","Restaurants, Breakfast & Brunch","{'Monday': '6:0-14:0', 'Tuesday': '6:0-14:0', 'Wednesday': '6:0-14:0', 'Thursday': '6:0-14:0', 'Friday': '6:0-14:0', 'Saturday': '6:0-15:0', 'Sunday': '6:0-15:0'}"
66,z2CVPfaG8C_rydUZCcsqbw,Ramen Hashi,"5808 Spring Mountain Rd, Ste 109",Las Vegas,NV,89146,36.1260798,-115.2216139,4.5,332,"{'HasTV': 'False', 'RestaurantsReservations': 'False', 'OutdoorSeating': 'False', 'RestaurantsAttire': ""'casual'"", 'RestaurantsDelivery': 'False', 'BusinessAcceptsCreditCards': 'True', 'RestaurantsGoodForGroups': 'True', 'RestaurantsTakeOut': 'True', 'GoodForMeal': ""{'dessert': False, 'latenight': False, 'lunch': True, 'dinner': True, 'brunch': False, 'breakfast': False}"", 'Caters': 'False', 'GoodForKids': 'True', 'RestaurantsPriceRange2': '1', 'RestaurantsTableService': 'True', 'Alcohol': ""'beer_and_wine'"", 'NoiseLevel': ""'average'"", 'BikeParking': 'False', 'BusinessParking': ""{'garage': False, 'street': False, 'validated': False, 'lot': True, 'valet': False}"", 'WiFi': ""'no'"", 'Ambience': ""{'touristy': False, 'hipster': False, 'romantic': False, 'divey': False, 'intimate': False, 'trendy': False, 'upscale': False, 'classy': False, 'casual': True}""}","Restaurants, Ramen, Japanese","{'Monday': '11:30-22:0', 'Tuesday': '11:30-22:0', 'Wednesday': '11:30-22:0', 'Thursday': '11:30-22:0', 'Friday': '11:30-22:0', 'Saturday': '12:0-22:0', 'Sunday': '12:0-22:0'}"
67,UGy0QULAPPRcOUJQSiRmGQ,Tropical Smoothie Cafe,"7660 West Cheyenne Avenue, Suite 121",Las Vegas,NV,89129,36.2191781,-115.2624712,3.0,101,"{'BusinessAcceptsCreditCards': 'True', 'RestaurantsPriceRange2': '1', 'Caters': 'False', 'RestaurantsTakeOut': 'True', 'WiFi': ""'no'"", 'RestaurantsReservations': 'False', 'BikeParking': 'True', 'Alcohol': ""'none'"", 'BusinessParking': ""{'garage': False, 'street': False, 'validated': False, 'lot': True, 'valet': False}"", 'GoodForKids': 'True', 'GoodForMeal': ""{'dessert': False, 'latenight': False, 'lunch': False, 'dinner': False, 'brunch': False, 'breakfast': False}"", 'Ambience': ""{'touristy': False, 'hipster': False, 'romantic': False, 'divey': False, 'intimate': False, 'trendy': False, 'upscale': False, 'classy': False, 'casual': False}"", 'RestaurantsGoodForGroups': 'True', 'RestaurantsDelivery': 'True', 'OutdoorSeating': 'True', 'HasTV': 'False'}","Restaurants, Sandwiches, Juice Bars & Smoothies, Food, Breakfast & Brunch","{'Monday': '6:30-21:0', 'Tuesday': '6:30-21:0', 'Wednesday': '6:30-21:0', 'Thursday': '6:30-21:0', 'Friday': '6:30-21:0', 'Saturday': '8:0-20:0', 'Sunday': '8:0-20:0'}"
68,beXXhtq-We7IkHcWNmLKoQ,Johnny Rockets,3900 S Las Vegas Blvd,Las Vegas,NV,89109,36.0954628,-115.1758039,2.5,8,"{'GoodForKids': 'True', 'GoodForMeal': ""{'dessert': False, 'latenight': False, 'lunch': False, 'dinner': False, 'brunch': False, 'breakfast': False}"", 'RestaurantsReservations': 'False', 'RestaurantsDelivery': 'False', 'Ambience': ""{'touristy': False, 'hipster': False, 'romantic': False, 'divey': False, 'intimate': False, 'trendy': False, 'upscale': False, 'classy': False, 'casual': False}"", 'BusinessParking': ""{'garage': False, 'street': False, 'validated': False, 'lot': False, 'valet': False}"", 'RestaurantsTakeOut': 'True', 'BusinessAcceptsCreditCards': 'True'}","Restaurants, Sandwiches, Burgers, American (Traditional), Diners",
69,Zbjl53pR2W0jMrGFPM0Ssw,Panera Bread,7240 S Rainbow Blvd,Las Vegas,NV,89118,36.0573979,-115.2422172,2.5,75,"{'RestaurantsTakeOut': 'True', 'BusinessAcceptsCreditCards': 'True', 'GoodForMeal': ""{'dessert': False, 'latenight': False, 'lunch': True, 'dinner': False, 'brunch': False, 'breakfast': True}"", 'GoodForKids': 'True', 'RestaurantsReservations': 'False', 'RestaurantsPriceRange2': '1', 'RestaurantsAttire': ""'casual'"", 'NoiseLevel': ""u'average'"", 'Ambience': ""{'touristy': False, 'hipster': False, 'romantic': False, 'divey': False, 'intimate': False, 'trendy': False, 'upscale': False, 'classy': False, 'casual': True}"", 'HasTV': 'False', 'BusinessParking': ""{'garage': False, 'street': False, 'validated': False, 'lot': True, 'valet': False}"", 'OutdoorSeating': 'False', 'Caters': 'True', 'Alcohol': ""u'none'"", 'RestaurantsGoodForGroups': 'True', 'BikeParking': 'True', 'WiFi': ""'free'"", 'RestaurantsTableService': 'False', 'RestaurantsDelivery': 'True'}","Restaurants, Salad, Sandwiches, Soup","{'Monday': '6:30-22:0', 'Tuesday': '6:30-22:0', 'Wednesday': '6:30-22:0', 'Thursday': '6:30-22:0', 'Friday': '6:30-22:0', 'Saturday': '6:30-22:0', 'Sunday': '6:30-21:0'}"
70,fsTyQVRjkR7tPGI_FzfCKA,Arby's,7035 N Durango Dr,Las Vegas,NV,89149,36.2887247,-115.2884593,2.5,52,"{'GoodForKids': 'True', 'RestaurantsPriceRange2': '1', 'RestaurantsAttire': ""u'casual'"", 'Caters': 'False', 'RestaurantsDelivery': 'False', 'Alcohol': ""u'none'"", 'RestaurantsReservations': 'False', 'BusinessAcceptsCreditCards': 'True', 'RestaurantsGoodForGroups': 'True', 'WiFi': ""u'no'"", 'RestaurantsTakeOut': 'True', 'HasTV': 'False', 'BusinessParking': ""{'garage': False, 'street': False, 'validated': False, 'lot': True, 'valet': False}"", 'BikeParking': 'True', 'OutdoorSeating': 'False', 'NoiseLevel': ""u'average'"", 'GoodForMeal': ""{'dessert': False, 'latenight': False, 'lunch': True, 'dinner': False, 'brunch': False, 'breakfast': False}"", 'Ambience': ""{'romantic': False, 'intimate': False, 'classy': False, 'hipster': False, 'divey': False, 'touristy': False, 'trendy': False, 'upscale': False, 'casual': True}""}","Restaurants, Food, Fast Food, Sandwiches, Burgers",
71,aUCJt0FluWAxkOd8s7TkWQ,In-N-Out Burger,10040 W Sahara Ave,Las Vegas,NV,89117,36.144806642,-115.3134672716,4.5,35,"{'Ambience': ""{'touristy': False, 'hipster': False, 'romantic': False, 'divey': False, 'intimate': False, 'trendy': False, 'upscale': False, 'classy': False, 'casual': True}"", 'RestaurantsDelivery': 'False', 'RestaurantsTableService': 'False', 'BusinessParking': ""{'garage': False, 'street': False, 'validated': False, 'lot': True, 'valet': False}"", 'RestaurantsPriceRange2': '1', 'OutdoorSeating': 'True', 'DriveThru': 'True', 'GoodForMeal': ""{'dessert': False, 'latenight': False, 'lunch': False, 'dinner': True, 'brunch': False, 'breakfast': False}"", 'BusinessAcceptsCreditCards': 'True', 'Alcohol': ""'none'"", 'RestaurantsGoodForGroups': 'True', 'RestaurantsReservations': 'False', 'RestaurantsTakeOut': 'True', 'RestaurantsAttire': ""'casual'"", 'WiFi': ""'no'"", 'Caters': 'False', 'NoiseLevel': ""'average'"", 'HasTV': 'False', 'GoodForKids': 'True'}","Restaurants, Burgers, Fast Food","{'Monday': '10:30-1:0', 'Tuesday': '10:30-1:0', 'Wednesday': '10:30-1:0', 'Thursday': '10:30-1:0', 'Friday': '10:30-1:30', 'Saturday': '10:30-1:30', 'Sunday': '10:30-1:0'}"
72,sOYsxYYFl03PhHmz_rBDZQ,The Sparklings,"8310 S Rainbow Blvd, Ste 100",Las Vegas,NV,89139,36.0373841989,-115.242948945,4.0,829,"{'Caters': 'False', 'GoodForKids': 'True', 'Ambience': ""{'touristy': False, 'hipster': False, 'romantic': False, 'divey': False, 'intimate': True, 'trendy': False, 'upscale': False, 'classy': False, 'casual': False}"", 'OutdoorSeating': 'True', 'WheelchairAccessible': 'True', 'RestaurantsReservations': 'True', 'NoiseLevel': ""'average'"", 'BikeParking': 'True', 'RestaurantsGoodForGroups': 'True', 'BusinessAcceptsBitcoin': 'False', 'RestaurantsAttire': ""u'casual'"", 'RestaurantsPriceRange2': '2', 'RestaurantsTakeOut': 'True', 'HasTV': 'True', 'DogsAllowed': 'False', 'RestaurantsDelivery': 'False', 'Alcohol': ""u'full_bar'"", 'WiFi': ""u'free'"", 'BusinessAcceptsCreditCards': 'True', 'RestaurantsTableService': 'True', 'BusinessParking': ""{'garage': False, 'street': False, 'validated': False, 'lot': True, 'valet': False}"", 'GoodForMeal': ""{'dessert': True, 'latenight': True, 'lunch': False, 'dinner': True, 'brunch': False, 'breakfast': False}""}","Restaurants, American (New)","{'Monday': '11:0-2:0', 'Tuesday': '11:0-2:0', 'Wednesday': '11:0-2:0', 'Thursday': '11:0-2:0', 'Friday': '11:0-3:0', 'Saturday': '11:0-3:0', 'Sunday': '10:0-2:0'}"
73,HsrEbWCg8K06pUhx469uSw,Donut Hut,"3242 E Desert Inn Rd, Ste 17",Las Vegas,NV,89121,36.1302895,-115.1033497,4.5,141,"{'BusinessParking': ""{'garage': False, 'street': False, 'validated': False, 'lot': True, 'valet': False}"", 'Alcohol': ""'none'"", 'RestaurantsPriceRange2': '1', 'BikeParking': 'True', 'ByAppointmentOnly': 'False', 'BusinessAcceptsCreditCards': 'False', 'Caters': 'True', 'RestaurantsTakeOut': 'True'}","Restaurants, Donuts, Food","{'Monday': '20:0-0:0', 'Tuesday': '20:0-0:0', 'Wednesday': '20:0-0:0', 'Thursday': '20:0-0:0', 'Friday': '20:0-0:0', 'Saturday': '20:0-0:0', 'Sunday': '0:0-11:0'}"
74,UdC4xRKTFQPOhkc6vPVwvA,Loose Caboose,4045 S Buffalo Dr,Las Vegas,NV,89147,36.1153986,-115.2626207,3.5,12,"{'OutdoorSeating': 'False', 'HasTV': 'True', 'Ambience': ""{'romantic': False, 'intimate': False, 'classy': False, 'hipster': False, 'divey': False, 'touristy': False, 'trendy': False, 'upscale': False, 'casual': False}"", 'RestaurantsPriceRange2': '1', 'RestaurantsGoodForGroups': 'True', 'RestaurantsReservations': 'False', 'BikeParking': 'False', 'RestaurantsAttire': ""'casual'"", 'RestaurantsDelivery': 'False', 'GoodForKids': 'False', 'RestaurantsTakeOut': 'True', 'Alcohol': ""'full_bar'"", 'BusinessAcceptsCreditCards': 'True', 'BusinessParking': ""{'garage': False, 'street': False, 'validated': False, 'lot': False, 'valet': False}"", 'NoiseLevel': ""'average'"", 'Caters': 'False'}",Restaurants,
75,PEGtD36MLdfcsD2hc95Kiw,Sofia's Pizza,"7365 W Sahara Ave, Ste A",Las Vegas,NV,89117,36.1430478,-115.2535213,2.5,85,"{'RestaurantsTakeOut': 'True', 'Ambience': ""{'romantic': False, 'intimate': False, 'classy': False, 'hipster': False, 'divey': False, 'touristy': False, 'trendy': False, 'upscale': False, 'casual': False}"", 'Caters': 'True', 'GoodForKids': 'True', 'Alcohol': ""u'none'"", 'BusinessAcceptsCreditCards': 'True', 'RestaurantsDelivery': 'True', 'OutdoorSeating': 'True', 'HasTV': 'True', 'GoodForMeal': ""{'dessert': False, 'latenight': False, 'lunch': True, 'dinner': True, 'brunch': False, 'breakfast': False}"", 'RestaurantsGoodForGroups': 'True', 'RestaurantsPriceRange2': '2', 'WiFi': ""'free'"", 'RestaurantsReservations': 'True', 'BikeParking': 'False', 'RestaurantsAttire': ""u'casual'"", 'NoiseLevel': ""u'quiet'"", 'BusinessParking': ""{'garage': False, 'street': False, 'validated': False, 'lot': False, 'valet': False}""}","Restaurants, Burgers, Chicken Wings, Pizza","{'Monday': '10:0-22:0', 'Tuesday': '10:0-22:0', 'Wednesday': '10:0-22:0', 'Thursday': '10:0-22:0', 'Friday': '10:0-22:0', 'Saturday': '10:0-22:0', 'Sunday': '10:0-22:0'}"
76,CtZ3HujCLTChyoad_L-nHA,PizzaRev,"7090 South Rainbow Blvd, Suite 110",Las Vegas,NV,89118,36.059716,-115.242234,4.0,459,"{'Ambience': ""{'touristy': False, 'hipster': False, 'romantic': False, 'divey': False, 'intimate': False, 'trendy': False, 'upscale': False, 'classy': False, 'casual': True}"", 'RestaurantsTakeOut': 'True', 'OutdoorSeating': 'True', 'RestaurantsTableService': 'False', 'BusinessParking': ""{'garage': False, 'street': False, 'validated': False, 'lot': False, 'valet': False}"", 'RestaurantsPriceRange2': '1', 'RestaurantsGoodForGroups': 'True', 'WiFi': ""'no'"", 'RestaurantsAttire': ""'casual'"", 'GoodForMeal': ""{'dessert': False, 'latenight': False, 'lunch': True, 'dinner': True, 'brunch': False, 'breakfast': False}"", 'NoiseLevel': ""'average'"", 'RestaurantsReservations': 'False', 'BusinessAcceptsCreditCards': 'True', 'HasTV': 'True', 'Caters': 'False', 'GoodForKids': 'True', 'Alcohol': ""'beer_and_wine'"", 'RestaurantsDelivery': 'False', 'BikeParking': 'True'}","Restaurants, Pizza","{'Monday': '11:0-23:0', 'Tuesday': '11:0-23:0', 'Wednesday': '11:0-23:0', 'Thursday': '11:0-23:0', 'Friday': '11:0-23:0', 'Saturday': '11:0-23:0', 'Sunday': '11:0-23:0'}"
77,sHPrepHE7L4sV5Dd3SovSg,Bonanno's New York Pizzeria,"3950 S Las Vegas Boulevard, Mandalay Bay",Las Vegas,NV,89119,36.0885101352,-115.1754992181,2.5,11,"{'Alcohol': ""u'beer_and_wine'"", 'Caters': 'False', 'Ambience': ""{'romantic': False, 'intimate': False, 'classy': False, 'hipster': False, 'divey': False, 'touristy': False, 'trendy': False, 'upscale': False, 'casual': False}"", 'GoodForKids': 'True', 'NoiseLevel': ""u'very_loud'"", 'RestaurantsTableService': 'False', 'HasTV': 'False', 'BusinessParking': ""{'garage': False, 'street': False, 'validated': False, 'lot': False, 'valet': False}"", 'BikeParking': 'False', 'WiFi': ""'no'"", 'BusinessAcceptsCreditCards': 'True', 'RestaurantsDelivery': 'False', 'RestaurantsAttire': ""'casual'"", 'RestaurantsPriceRange2': '2', 'RestaurantsGoodForGroups': 'True', 'OutdoorSeating': 'False', 'RestaurantsTakeOut': 'True', 'GoodForMeal': ""{'dessert': False, 'latenight': False, 'lunch': False, 'dinner': False, 'brunch': False, 'breakfast': False}"", 'RestaurantsReservations': 'False'}","Restaurants, Pizza","{'Monday': '7:0-23:0', 'Tuesday': '7:0-23:0', 'Wednesday': '7:0-23:0', 'Thursday': '7:0-23:0', 'Friday': '7:0-23:0', 'Saturday': '7:0-23:0', 'Sunday': '7:0-23:0'}"
78,LTpH7PllA7ruroTZRXnWqw,Sunrise Too Donuts,3005 E Charleston Blvd,Las Vegas,NV,89104,36.1590499,-115.1074111,4.0,20,"{'RestaurantsTakeOut': 'True', 'BusinessAcceptsCreditCards': 'False', 'RestaurantsPriceRange2': '1', 'RestaurantsDelivery': 'False', 'Caters': 'False', 'BusinessParking': ""{'garage': False, 'street': False, 'validated': False, 'lot': True, 'valet': False}"", 'BikeParking': 'True'}","Restaurants, Food, Bakeries","{'Monday': '5:0-18:0', 'Tuesday': '5:0-18:0', 'Wednesday': '5:0-18:0', 'Thursday': '5:0-18:0', 'Friday': '5:0-18:0', 'Saturday': '5:0-18:0', 'Sunday': '5:0-14:30'}"
79,z9aXGRH8xtqpNDFE5_I3KA,The Bar @ Tropicana & Durango,"4705 S Durango, Ste 140",Las Vegas,NV,89147,36.1032073,-115.2794948,4.0,86,"{'HasTV': 'True', 'Ambience': ""{'romantic': False, 'intimate': False, 'classy': False, 'hipster': False, 'divey': False, 'touristy': False, 'trendy': False, 'upscale': False, 'casual': True}"", 'RestaurantsReservations': 'False', 'HappyHour': 'True', 'Music': ""{'dj': False, 'background_music': False, 'no_music': False, 'jukebox': False, 'live': False, 'video': False, 'karaoke': False}"", 'RestaurantsDelivery': 'False', 'OutdoorSeating': 'False', 'BusinessAcceptsCreditCards': 'True', 'GoodForKids': 'False', 'WiFi': ""'free'"", 'Caters': 'False', 'BikeParking': 'True', 'RestaurantsTakeOut': 'True', 'RestaurantsAttire': ""'casual'"", 'CoatCheck': 'False', 'RestaurantsGoodForGroups': 'True', 'RestaurantsPriceRange2': '2', 'NoiseLevel': ""'average'"", 'BusinessParking': ""{'garage': False, 'street': False, 'validated': False, 'lot': True, 'valet': False}"", 'Alcohol': ""u'full_bar'"", 'BestNights': ""{'monday': False, 'tuesday': False, 'friday': True, 'wednesday': False, 'thursday': True, 'sunday': False, 'saturday': True}"", 'GoodForDancing': 'False', 'Smoking': ""u'yes'"", 'GoodForMeal': ""{'dessert': False, 'latenight': True, 'lunch': True, 'dinner': True, 'brunch': False, 'breakfast': True}""}","Restaurants, Bars, Nightlife, American (Traditional)",
80,n0bg7kf6HcpFchCtxJyc5A,Mr Chow,3570 Las Vegas Blvd S,Las Vegas,NV,89109,36.1158925553,-115.1769327621,3.0,392,"{'RestaurantsTableService': 'True', 'GoodForMeal': ""{'dessert': False, 'latenight': False, 'lunch': False, 'dinner': True, 'brunch': False, 'breakfast': False}"", 'HasTV': 'False', 'BikeParking': 'False', 'RestaurantsDelivery': 'False', 'RestaurantsGoodForGroups': 'True', 'DogsAllowed': 'False', 'OutdoorSeating': 'True', 'Caters': 'False', 'NoiseLevel': ""'average'"", 'WheelchairAccessible': 'True', 'RestaurantsTakeOut': 'True', 'BusinessParking': ""{'garage': True, 'street': False, 'validated': False, 'lot': False, 'valet': True}"", 'Alcohol': ""u'full_bar'"", 'WiFi': ""u'free'"", 'BusinessAcceptsBitcoin': 'False', 'GoodForKids': 'False', 'RestaurantsAttire': ""'dressy'"", 'BusinessAcceptsCreditCards': 'True', 'Ambience': ""{'touristy': False, 'hipster': False, 'romantic': False, 'divey': False, 'intimate': False, 'trendy': True, 'upscale': True, 'classy': True, 'casual': False}"", 'RestaurantsPriceRange2': '4', 'RestaurantsReservations': 'True'}","Restaurants, Chinese","{'Monday': '17:0-22:30', 'Tuesday': '17:0-22:0', 'Wednesday': '17:0-22:0', 'Thursday': '17:0-22:0', 'Friday': '17:0-22:30', 'Saturday': '17:0-22:30'}"
81,Ziqzfvpp2cpZAu0OwjiD5w,Hamada's Asiana,3700 W Flamingo Rd,Las Vegas,NV,89103,36.1163819,-115.1850253,1.5,3,,"Restaurants, Japanese",
82,5uvX6yqie9DpHR7UAiQZtw,McDonald's,7150 W Craig Rd,Las Vegas,NV,89129,36.2410283003,-115.2502647042,2.5,46,"{'RestaurantsTableService': 'False', 'RestaurantsGoodForGroups': 'True', 'WiFi': ""'free'"", 'RestaurantsDelivery': 'False', 'BikeParking': 'True', 'RestaurantsTakeOut': 'True', 'BusinessAcceptsCreditCards': 'True', 'Caters': 'False', 'OutdoorSeating': 'False', 'RestaurantsAttire': ""'casual'"", 'GoodForKids': 'True', 'NoiseLevel': ""u'average'"", 'RestaurantsReservations': 'False', 'Ambience': ""{'touristy': False, 'hipster': False, 'romantic': False, 'divey': False, 'intimate': False, 'trendy': False, 'upscale': False, 'classy': False, 'casual': True}"", 'BusinessParking': ""{'garage': False, 'street': False, 'validated': False, 'lot': True, 'valet': False}"", 'Alcohol': ""'none'"", 'RestaurantsPriceRange2': '1', 'GoodForMeal': ""{'dessert': True, 'latenight': False, 'lunch': True, 'dinner': False, 'brunch': False, 'breakfast': True}"", 'HasTV': 'False'}","Restaurants, Fast Food, Burgers, Food, Coffee & Tea","{'Monday': '5:0-0:0', 'Tuesday': '5:0-0:0', 'Wednesday': '5:0-0:0', 'Thursday': '5:0-0:0', 'Friday': '5:0-4:0', 'Saturday': '0:0-0:0', 'Sunday': '4:0-0:0'}"
83,Y-a5L1u8jAuoJLdh25UnQA,702 Karaoke,4240 Spring Mt Rd Suit 104,Las Vegas,NV,89102,36.1268216,-115.196836,5.0,5,,"Restaurants, Korean, Karaoke, Nightlife","{'Monday': '0:0-0:0', 'Tuesday': '0:0-0:0', 'Wednesday': '0:0-0:0', 'Thursday': '0:0-0:0', 'Friday': '0:0-0:0', 'Saturday': '0:0-0:0', 'Sunday': '0:0-0:0'}"
84,A4zLP5AyKEEHQr_dWEZKig,Cleo,2535 S Las Vegas Blvd,Las Vegas,NV,89109,36.1422486001,-115.156616047,4.5,534,"{'RestaurantsTableService': 'True', 'RestaurantsDelivery': 'False', 'Alcohol': ""u'full_bar'"", 'RestaurantsPriceRange2': '3', 'RestaurantsGoodForGroups': 'True', 'Caters': 'False', 'OutdoorSeating': 'False', 'BusinessAcceptsCreditCards': 'True', 'NoiseLevel': ""u'average'"", 'BusinessParking': ""{'garage': True, 'street': False, 'validated': False, 'lot': False, 'valet': True}"", 'WiFi': ""u'no'"", 'Ambience': ""{'romantic': False, 'intimate': False, 'classy': False, 'hipster': False, 'divey': False, 'touristy': False, 'trendy': True, 'upscale': False, 'casual': False}"", 'GoodForKids': 'False', 'HasTV': 'False', 'RestaurantsAttire': ""'casual'"", 'DogsAllowed': 'False', 'GoodForMeal': ""{'dessert': False, 'latenight': False, 'lunch': False, 'dinner': True, 'brunch': False, 'breakfast': False}"", 'BusinessAcceptsBitcoin': 'False', 'RestaurantsReservations': 'True', 'RestaurantsTakeOut': 'True', 'WheelchairAccessible': 'True', 'BikeParking': 'False'}","Restaurants, Mediterranean, American (New), Tapas/Small Plates, Greek, Middle Eastern","{'Monday': '17:0-22:30', 'Thursday': '17:0-22:30', 'Friday': '17:0-23:0', 'Saturday': '17:0-23:0', 'Sunday': '17:0-22:30'}"
85,WM33kyvA8XfiL8lk2I2vcA,McDonald's,4105 S Eastern,Las Vegas,NV,89119,36.1142492161,-115.119717489,1.5,43,"{'RestaurantsTakeOut': 'True', 'RestaurantsDelivery': 'False', 'HasTV': 'False', 'GoodForKids': 'True', 'Alcohol': ""u'none'"", 'RestaurantsAttire': ""u'casual'"", 'BusinessParking': ""{'garage': False, 'street': False, 'validated': False, 'lot': False, 'valet': False}"", 'RestaurantsGoodForGroups': 'True', 'Ambience': ""{'touristy': False, 'hipster': False, 'romantic': False, 'divey': False, 'intimate': False, 'trendy': False, 'upscale': False, 'classy': False, 'casual': True}"", 'RestaurantsReservations': 'False', 'BusinessAcceptsCreditCards': 'True', 'OutdoorSeating': 'False', 'Caters': 'False', 'RestaurantsPriceRange2': '1', 'NoiseLevel': ""u'average'"", 'BikeParking': 'True', 'WiFi': ""u'free'"", 'GoodForMeal': ""{'dessert': True, 'latenight': False, 'lunch': True, 'dinner': False, 'brunch': True, 'breakfast': True}""}","Restaurants, Burgers, Food, Fast Food, Coffee & Tea","{'Monday': '0:0-0:0', 'Tuesday': '0:0-0:0', 'Wednesday': '0:0-0:0', 'Thursday': '0:0-0:0', 'Friday': '0:0-0:0', 'Saturday': '0:0-0:0', 'Sunday': '0:0-0:0'}"
86,DW0ZvWuYaSvMcB_3LG5RGg,Pei Wei,10830 W Charleston Blvd,Las Vegas,NV,89135,36.161278,-115.331443,3.5,210,"{'RestaurantsDelivery': 'False', 'BusinessParking': ""{'garage': False, 'street': False, 'validated': False, 'lot': True, 'valet': False}"", 'WiFi': ""u'no'"", 'RestaurantsGoodForGroups': 'True', 'RestaurantsTakeOut': 'True', 'RestaurantsReservations': 'False', 'OutdoorSeating': 'True', 'HasTV': 'False', 'RestaurantsAttire': ""u'casual'"", 'GoodForKids': 'True', 'RestaurantsPriceRange2': '2', 'BusinessAcceptsCreditCards': 'True', 'BikeParking': 'True', 'RestaurantsTableService': 'False', 'Alcohol': ""u'beer_and_wine'"", 'NoiseLevel': ""u'average'"", 'GoodForMeal': ""{'dessert': False, 'latenight': False, 'lunch': True, 'dinner': True, 'brunch': False, 'breakfast': False}"", 'Ambience': ""{'romantic': False, 'intimate': False, 'touristy': False, 'hipster': False, 'divey': False, 'classy': False, 'trendy': False, 'upscale': False, 'casual': True}"", 'Caters': 'True'}","Restaurants, Chinese, Asian Fusion, Fast Food, Gluten-Free","{'Monday': '11:0-21:0', 'Tuesday': '11:0-21:0', 'Wednesday': '11:0-21:0', 'Thursday': '11:0-21:0', 'Friday': '11:0-21:0', 'Saturday': '11:0-21:0', 'Sunday': '11:0-21:0'}"
87,OJKMb3e1YkfN-qt1e895OQ,Brother's Pizza,7121 West Craig Rd 101,Las Vegas,NV,89129,36.239486,-115.249321,3.0,4,,"Restaurants, Pizza, Chicken Wings, Italian","{'Monday': '10:0-22:0', 'Tuesday': '10:0-22:0', 'Wednesday': '10:0-22:0', 'Thursday': '10:0-22:0', 'Friday': '10:0-22:0', 'Saturday': '10:0-22:0', 'Sunday': '10:0-22:0'}"
88,q7f_lCOKf40idrVSzmoYug,Cinnabon,McCarran Airport,Las Vegas,NV,89119,36.0814793064,-115.1372119496,3.0,33,"{'BusinessAcceptsCreditCards': 'True', 'RestaurantsPriceRange2': '1', 'BikeParking': 'False', 'RestaurantsTakeOut': 'True', 'BusinessParking': ""{'garage': False, 'street': False, 'validated': False, 'lot': False, 'valet': False}"", 'Caters': 'True'}","Restaurants, Fast Food, Food, Desserts",
89,vtJe3fNnpg89UJR2M1SNcA,Mariscos La Isla de Mexcaltitan,701 N Nellis Blvd,Las Vegas,NV,89110,36.1756849405,-115.0636038029,4.0,6,"{'BikeParking': 'False', 'HasTV': 'True', 'OutdoorSeating': 'False', 'RestaurantsGoodForGroups': 'True', 'WiFi': ""'no'"", 'Alcohol': ""'beer_and_wine'"", 'Ambience': ""{'touristy': False, 'hipster': False, 'romantic': False, 'divey': False, 'intimate': False, 'trendy': False, 'upscale': False, 'classy': False, 'casual': False}"", 'RestaurantsReservations': 'False', 'RestaurantsDelivery': 'False', 'RestaurantsTakeOut': 'True', 'NoiseLevel': ""'loud'"", 'BusinessAcceptsCreditCards': 'True', 'RestaurantsPriceRange2': '2', 'GoodForKids': 'True', 'RestaurantsAttire': ""'casual'"", 'BusinessParking': ""{'garage': False, 'street': False, 'validated': False, 'lot': False, 'valet': False}""}","Restaurants, Mexican",
90,tsYriuDpdtaTju7LUANDzg,Panda Express,2625 S Eastern Ave,Las Vegas,NV,89102,36.1417857,-115.1191783,3.0,30,"{'RestaurantsDelivery': 'False', 'RestaurantsPriceRange2': '1', 'OutdoorSeating': 'True', 'BusinessAcceptsCreditCards': 'True', 'GoodForKids': 'True', 'Alcohol': ""'none'"", 'HasTV': 'False', 'NoiseLevel': ""'average'"", 'WiFi': ""u'no'"", 'RestaurantsTakeOut': 'True', 'RestaurantsAttire': ""'casual'"", 'RestaurantsReservations': 'False', 'BikeParking': 'False', 'RestaurantsGoodForGroups': 'True', 'Caters': 'True', 'Ambience': ""{'romantic': False, 'intimate': False, 'classy': False, 'hipster': False, 'divey': False, 'touristy': False, 'trendy': False, 'upscale': False, 'casual': False}"", 'BusinessParking': ""{'garage': False, 'street': False, 'validated': False, 'lot': False, 'valet': False}""}","Restaurants, Chinese, Fast Food","{'Monday': '9:30-22:0', 'Tuesday': '9:30-22:0', 'Wednesday': '9:30-22:0', 'Thursday': '9:30-22:0', 'Friday': '9:30-22:0', 'Saturday': '9:30-22:0', 'Sunday': '9:30-22:0'}"
91,7phGRr7Z36IrET7zDKD3Pg,Tony's Mexican Food,"2041 N Jones, Ste 100",Las Vegas,NV,89108,36.1970373672,-115.2234090865,3.5,26,"{'Ambience': ""{'touristy': False, 'hipster': False, 'romantic': False, 'divey': False, 'intimate': False, 'trendy': False, 'upscale': False, 'classy': False, 'casual': False}"", 'BusinessParking': ""{'garage': False, 'street': False, 'validated': False, 'lot': False, 'valet': False}"", 'Alcohol': ""u'full_bar'"", 'RestaurantsPriceRange2': '2', 'RestaurantsAttire': ""'casual'"", 'RestaurantsDelivery': 'False', 'NoiseLevel': ""u'quiet'"", 'RestaurantsTakeOut': 'True', 'GoodForKids': 'True', 'GoodForMeal': ""{'dessert': False, 'latenight': False, 'lunch': False, 'dinner': False, 'brunch': False, 'breakfast': False}"", 'HasTV': 'True', 'RestaurantsReservations': 'False', 'BikeParking': 'False', 'OutdoorSeating': 'False', 'WiFi': ""'no'"", 'BusinessAcceptsCreditCards': 'True', 'RestaurantsGoodForGroups': 'False', 'RestaurantsTableService': 'True'}","Restaurants, Mexican","{'Monday': '8:0-21:0', 'Tuesday': '8:0-21:0', 'Wednesday': '8:0-21:0', 'Thursday': '8:0-21:0', 'Friday': '8:0-21:0', 'Saturday': '8:0-21:0', 'Sunday': '8:0-21:0'}"
